site;src;index;date;temp;;;;;;;
Port Nolloth;SAWS;Port Nolloth/ SAWS;1973/07/01;11.722;;;;;Mean (Port Nolloth) ;;
Port Nolloth;SAWS;Port Nolloth/ SAWS;1973/08/01;11.534;;;;Jan ;14;;
Port Nolloth;SAWS;Port Nolloth/ SAWS;1973/09/01;10.879;;;;Feb;14;;
Port Nolloth;SAWS;Port Nolloth/ SAWS;1973/10/01;11.786;;;;Mar;#DIV/0!;;
Port Nolloth;SAWS;Port Nolloth/ SAWS;1973/11/01;12.308;;;;Apr;9;;
Port Nolloth;SAWS;Port Nolloth/ SAWS;1973/12/01;12.34;;;;May;13;;
Port Nolloth;SAWS;Port Nolloth/ SAWS;1974/01/01;11.538;;;;Jun;#DIV/0!;;
Port Nolloth;SAWS;Port Nolloth/ SAWS;1974/02/01;12.105;;;;Jul;6;;
Port Nolloth;SAWS;Port Nolloth/ SAWS;1974/03/01;11.971;;;;Aug;#DIV/0!;;
Port Nolloth;SAWS;Port Nolloth/ SAWS;1974/04/01;12.462;;;;Sep;6;;
Port Nolloth;SAWS;Port Nolloth/ SAWS;1974/05/01;12.444;;;;Oct;0;;
Port Nolloth;SAWS;Port Nolloth/ SAWS;1974/06/01;12.735;;;;Nov;5,5;;
Port Nolloth;SAWS;Port Nolloth/ SAWS;1974/07/01;11.455;;;;Dec;0;;
Port Nolloth;SAWS;Port Nolloth/ SAWS;1974/08/01;12.704;;;;;;;
Port Nolloth;SAWS;Port Nolloth/ SAWS;1974/09/01;11.02;;;;;;;
Port Nolloth;SAWS;Port Nolloth/ SAWS;1974/10/01;11.056;;;;;;;
Port Nolloth;SAWS;Port Nolloth/ SAWS;1974/11/01;11.98;;;;;;;
Port Nolloth;SAWS;Port Nolloth/ SAWS;1974/12/01;11.365;;;;;;;
Port Nolloth;SAWS;Port Nolloth/ SAWS;1975/01/01;11.019;;;;;;;
Port Nolloth;SAWS;Port Nolloth/ SAWS;1975/02/01;13.667;;;;;;;
Port Nolloth;SAWS;Port Nolloth/ SAWS;1975/03/01;11.673;;;;;;;
Port Nolloth;SAWS;Port Nolloth/ SAWS;1975/04/01;12.519;;;;;;;
Port Nolloth;SAWS;Port Nolloth/ SAWS;1975/05/01;12.611;;43;;;;;
Port Nolloth;SAWS;Port Nolloth/ SAWS;1975/06/01;11.558;;;;;;;
Port Nolloth;SAWS;Port Nolloth/ SAWS;1975/07/01;0;;;;;;;
Port Nolloth;SAWS;Port Nolloth/ SAWS;1975/08/01;10.596;;;;;;;
Port Nolloth;SAWS;Port Nolloth/ SAWS;1975/09/01;10.462;;;;;;;
Port Nolloth;SAWS;Port Nolloth/ SAWS;1975/10/01;10.741;;;;;;;
Port Nolloth;SAWS;Port Nolloth/ SAWS;1975/11/01;10.76;;;;;;;
Port Nolloth;SAWS;Port Nolloth/ SAWS;1975/12/01;12.089;;;;;;;
Port Nolloth;SAWS;Port Nolloth/ SAWS;1976/01/01;13.446;;;;;;;
Port Nolloth;SAWS;Port Nolloth/ SAWS;1976/02/01;13.104;;;;;;;
Port Nolloth;SAWS;Port Nolloth/ SAWS;1976/03/01;0;;;;;;;
Port Nolloth;SAWS;Port Nolloth/ SAWS;1976/04/01;0;;;;;;;
Port Nolloth;SAWS;Port Nolloth/ SAWS;1976/05/01;12.088;;;;;;;
Port Nolloth;SAWS;Port Nolloth/ SAWS;1976/06/01;12.567;;;;;;;
Port Nolloth;SAWS;Port Nolloth/ SAWS;1976/07/01;12.167;;;;;;;
Port Nolloth;SAWS;Port Nolloth/ SAWS;1976/08/01;10.806;;;;;;;
Port Nolloth;SAWS;Port Nolloth/ SAWS;1976/09/01;10.7;;;;;;;
Port Nolloth;SAWS;Port Nolloth/ SAWS;1976/10/01;11.597;;;;;;;
Port Nolloth;SAWS;Port Nolloth/ SAWS;1976/11/01;12.417;;;;;;;
Port Nolloth;SAWS;Port Nolloth/ SAWS;1976/12/01;12.823;;;;;;;
Port Nolloth;SAWS;Port Nolloth/ SAWS;1977/01/01;12.968;;;;;;;
Port Nolloth;SAWS;Port Nolloth/ SAWS;1977/02/01;14.38;;;;;;;
Port Nolloth;SAWS;Port Nolloth/ SAWS;1977/03/01;13.387;;;;;;;
Port Nolloth;SAWS;Port Nolloth/ SAWS;1977/04/01;13;;;;;;;
Port Nolloth;SAWS;Port Nolloth/ SAWS;1977/05/01;12.31;;;;;;;
Port Nolloth;SAWS;Port Nolloth/ SAWS;1977/06/01;12.25;;;;;;;
Port Nolloth;SAWS;Port Nolloth/ SAWS;1977/07/01;11.887;;;;;;;
Port Nolloth;SAWS;Port Nolloth/ SAWS;1977/08/01;11.71;;;;;;;
Port Nolloth;SAWS;Port Nolloth/ SAWS;1977/09/01;11.867;;;;;;;
Port Nolloth;SAWS;Port Nolloth/ SAWS;1977/10/01;11.817;;;;;;;
Port Nolloth;SAWS;Port Nolloth/ SAWS;1977/11/01;11.95;;;;;;;
Port Nolloth;SAWS;Port Nolloth/ SAWS;1977/12/01;12.742;;;;;;;
Port Nolloth;SAWS;Port Nolloth/ SAWS;1978/01/01;12.823;;;;;;;
Port Nolloth;SAWS;Port Nolloth/ SAWS;1978/02/01;12.857;;;;;;;
Port Nolloth;SAWS;Port Nolloth/ SAWS;1978/03/01;12.677;;;;;;;
Port Nolloth;SAWS;Port Nolloth/ SAWS;1978/04/01;12.933;;;;;;;
Port Nolloth;SAWS;Port Nolloth/ SAWS;1978/05/01;12.387;;;;;;;
Port Nolloth;SAWS;Port Nolloth/ SAWS;1978/06/01;11.533;;;;;;;
Port Nolloth;SAWS;Port Nolloth/ SAWS;1978/07/01;11.69;;;;;;;
Port Nolloth;SAWS;Port Nolloth/ SAWS;1978/08/01;12.29;;;;;;;
Port Nolloth;SAWS;Port Nolloth/ SAWS;1978/09/01;11.917;;;;;;;
Port Nolloth;SAWS;Port Nolloth/ SAWS;1978/10/01;11.548;;;;;;;
Port Nolloth;SAWS;Port Nolloth/ SAWS;1978/11/01;12.517;;;;;;;
Port Nolloth;SAWS;Port Nolloth/ SAWS;1978/12/01;12.968;;;;;;;
Port Nolloth;SAWS;Port Nolloth/ SAWS;1979/01/01;13.194;;;;;;;
Port Nolloth;SAWS;Port Nolloth/ SAWS;1979/02/01;13.589;;;;;;;
Port Nolloth;SAWS;Port Nolloth/ SAWS;1979/03/01;12.935;;;;;;;
Port Nolloth;SAWS;Port Nolloth/ SAWS;1979/04/01;12.067;;;;;;;
Port Nolloth;SAWS;Port Nolloth/ SAWS;1979/05/01;12.177;;;;;;;
Port Nolloth;SAWS;Port Nolloth/ SAWS;1979/06/01;12.2;;;;;;;
Port Nolloth;SAWS;Port Nolloth/ SAWS;1979/07/01;11.468;;;;;;;
Port Nolloth;SAWS;Port Nolloth/ SAWS;1979/08/01;11.468;;;;;;;
Port Nolloth;SAWS;Port Nolloth/ SAWS;1979/09/01;11.217;;;;;;;
Port Nolloth;SAWS;Port Nolloth/ SAWS;1979/10/01;11.758;;;;;;;
Port Nolloth;SAWS;Port Nolloth/ SAWS;1979/11/01;12.383;;;;;;;
Port Nolloth;SAWS;Port Nolloth/ SAWS;1979/12/01;13.113;;;;;;;
Port Nolloth;SAWS;Port Nolloth/ SAWS;1980/01/01;13.774;;;;;;;
Port Nolloth;SAWS;Port Nolloth/ SAWS;1980/02/01;12.828;;;;;;;
Port Nolloth;SAWS;Port Nolloth/ SAWS;1980/03/01;13.145;;;;;;;
Port Nolloth;SAWS;Port Nolloth/ SAWS;1980/04/01;12.367;;;;;;;
Port Nolloth;SAWS;Port Nolloth/ SAWS;1980/05/01;11.742;;;;;;;
Port Nolloth;SAWS;Port Nolloth/ SAWS;1980/06/01;11.5;;;;;;;
Port Nolloth;SAWS;Port Nolloth/ SAWS;1980/07/01;11.129;;;;;;;
Port Nolloth;SAWS;Port Nolloth/ SAWS;1980/08/01;12.194;;;;;;;
Port Nolloth;SAWS;Port Nolloth/ SAWS;1980/09/01;12.25;;;;;;;
Port Nolloth;SAWS;Port Nolloth/ SAWS;1980/10/01;11.726;;;;;;;
Port Nolloth;SAWS;Port Nolloth/ SAWS;1980/11/01;12.717;;;;;;;
Port Nolloth;SAWS;Port Nolloth/ SAWS;1980/12/01;12.871;;;;;;;
Port Nolloth;SAWS;Port Nolloth/ SAWS;1981/01/01;13.079;;;;;;;
Port Nolloth;SAWS;Port Nolloth/ SAWS;1981/02/01;14;;;;;;;
Port Nolloth;SAWS;Port Nolloth/ SAWS;1981/03/01;12.855;;;;;;;
Port Nolloth;SAWS;Port Nolloth/ SAWS;1981/04/01;11.846;;;;;;;
Port Nolloth;SAWS;Port Nolloth/ SAWS;1981/05/01;12.172;;;;;;;
Port Nolloth;SAWS;Port Nolloth/ SAWS;1981/06/01;11.383;;;;;;;
Port Nolloth;SAWS;Port Nolloth/ SAWS;1981/07/01;11.306;;;;;;;
Port Nolloth;SAWS;Port Nolloth/ SAWS;1981/08/01;11.694;;;;;;;
Port Nolloth;SAWS;Port Nolloth/ SAWS;1981/09/01;12;;;;;;;
Port Nolloth;SAWS;Port Nolloth/ SAWS;1981/10/01;12.081;;;;;;;
Port Nolloth;SAWS;Port Nolloth/ SAWS;1981/11/01;12.154;;;;;;;
Port Nolloth;SAWS;Port Nolloth/ SAWS;1981/12/01;12.292;;;;;;;
Port Nolloth;SAWS;Port Nolloth/ SAWS;1982/01/01;12.167;;;;;;;
Port Nolloth;SAWS;Port Nolloth/ SAWS;1982/02/01;12.826;;;;;;;
Port Nolloth;SAWS;Port Nolloth/ SAWS;1982/03/01;12.5;;;;;;;
Port Nolloth;SAWS;Port Nolloth/ SAWS;1982/04/01;11.875;;;;;;;
Port Nolloth;SAWS;Port Nolloth/ SAWS;1982/05/01;12.24;;;;;;;
Port Nolloth;SAWS;Port Nolloth/ SAWS;1982/06/01;11.24;;;;;;;
Port Nolloth;SAWS;Port Nolloth/ SAWS;1982/07/01;11.222;;;;;;;
Port Nolloth;SAWS;Port Nolloth/ SAWS;1982/08/01;10.48;;;;;;;
Port Nolloth;SAWS;Port Nolloth/ SAWS;1982/09/01;11.08;;;;;;;
Port Nolloth;SAWS;Port Nolloth/ SAWS;1982/10/01;11.75;;;;;;;
Port Nolloth;SAWS;Port Nolloth/ SAWS;1982/11/01;12.333;;;;;;;
Port Nolloth;SAWS;Port Nolloth/ SAWS;1982/12/01;12.208;;;;;;;
Port Nolloth;SAWS;Port Nolloth/ SAWS;1983/01/01;11.96;;;;;;;
Port Nolloth;SAWS;Port Nolloth/ SAWS;1983/02/01;11.208;;;;;;;
Port Nolloth;SAWS;Port Nolloth/ SAWS;1983/03/01;11.593;;;;;;;
Port Nolloth;SAWS;Port Nolloth/ SAWS;1983/04/01;12.692;;;;;;;
Port Nolloth;SAWS;Port Nolloth/ SAWS;1983/05/01;12.042;;;;;;;
Port Nolloth;SAWS;Port Nolloth/ SAWS;1983/06/01;11.625;;;;;;;
Port Nolloth;SAWS;Port Nolloth/ SAWS;1983/07/01;11.333;;;;;;;
Port Nolloth;SAWS;Port Nolloth/ SAWS;1983/08/01;11.154;;;;;;;
Port Nolloth;SAWS;Port Nolloth/ SAWS;1983/09/01;11.778;;;;;;;
Port Nolloth;SAWS;Port Nolloth/ SAWS;1983/10/01;11.538;;;;;;;
Port Nolloth;SAWS;Port Nolloth/ SAWS;1983/11/01;12.692;;;;;;;
Port Nolloth;SAWS;Port Nolloth/ SAWS;1983/12/01;12.435;;;;;;;
Port Nolloth;SAWS;Port Nolloth/ SAWS;1984/01/01;14.04;;;;;;;
Port Nolloth;SAWS;Port Nolloth/ SAWS;1984/02/01;13.92;;;;;;;
Port Nolloth;SAWS;Port Nolloth/ SAWS;1984/03/01;13.259;;;;;;;
Port Nolloth;SAWS;Port Nolloth/ SAWS;1984/04/01;14;;;;;;;
Port Nolloth;SAWS;Port Nolloth/ SAWS;1984/05/01;13;;;;;;;
Port Nolloth;SAWS;Port Nolloth/ SAWS;1984/06/01;12.042;;;;;;;
Port Nolloth;SAWS;Port Nolloth/ SAWS;1984/07/01;11.308;;;;;;;
Port Nolloth;SAWS;Port Nolloth/ SAWS;1984/08/01;11.185;;;;;;;
Port Nolloth;SAWS;Port Nolloth/ SAWS;1984/09/01;12.04;;;;;;;
Port Nolloth;SAWS;Port Nolloth/ SAWS;1984/10/01;12.556;;;;;;;
Port Nolloth;SAWS;Port Nolloth/ SAWS;1984/11/01;11;;;;;;;
Port Nolloth;SAWS;Port Nolloth/ SAWS;1984/12/01;12.13;;;;;;;
Port Nolloth;SAWS;Port Nolloth/ SAWS;1985/01/01;12.889;;;;;;;
Port Nolloth;SAWS;Port Nolloth/ SAWS;1985/02/01;13.25;;;;;;;
Port Nolloth;SAWS;Port Nolloth/ SAWS;1985/03/01;12.28;;;;;;;
Port Nolloth;SAWS;Port Nolloth/ SAWS;1985/04/01;12.68;;;;;;;
Port Nolloth;SAWS;Port Nolloth/ SAWS;1985/05/01;12.615;;;;;;;
Port Nolloth;SAWS;Port Nolloth/ SAWS;1985/06/01;11.92;;;;;;;
Port Nolloth;SAWS;Port Nolloth/ SAWS;1985/07/01;11.522;;;;;;;
Port Nolloth;SAWS;Port Nolloth/ SAWS;1985/08/01;11.571;;;;;;;
Port Nolloth;SAWS;Port Nolloth/ SAWS;1985/09/01;11.935;;;;;;;
Port Nolloth;SAWS;Port Nolloth/ SAWS;1985/10/01;0;;;;;;;
Port Nolloth;SAWS;Port Nolloth/ SAWS;1985/11/01;12.763;;;;;;;
Port Nolloth;SAWS;Port Nolloth/ SAWS;1985/12/01;14.032;;;;;;;
Port Nolloth;SAWS;Port Nolloth/ SAWS;1986/01/01;12.129;;;;;;;
Port Nolloth;SAWS;Port Nolloth/ SAWS;1986/02/01;12.482;;;;;;;
Port Nolloth;SAWS;Port Nolloth/ SAWS;1986/03/01;12.435;;;;;;;
Port Nolloth;SAWS;Port Nolloth/ SAWS;1986/04/01;12.567;;;;;;;
Port Nolloth;SAWS;Port Nolloth/ SAWS;1986/05/01;11.855;;;;;;;
Port Nolloth;SAWS;Port Nolloth/ SAWS;1986/06/01;13.367;;;;;;;
Port Nolloth;SAWS;Port Nolloth/ SAWS;1986/07/01;12.177;;;;;;;
Port Nolloth;SAWS;Port Nolloth/ SAWS;1986/08/01;12.919;;;;;;;
Port Nolloth;SAWS;Port Nolloth/ SAWS;1986/09/01;11.883;;;;;;;
Port Nolloth;SAWS;Port Nolloth/ SAWS;1986/10/01;11.871;;;;;;;
Port Nolloth;SAWS;Port Nolloth/ SAWS;1986/11/01;11.967;;;;;;;
Port Nolloth;SAWS;Port Nolloth/ SAWS;1986/12/01;12.903;;;;;;;
Port Nolloth;SAWS;Port Nolloth/ SAWS;1987/01/01;12.344;;;;;;;
Port Nolloth;SAWS;Port Nolloth/ SAWS;1987/02/01;11.659;;;;;;;
Port Nolloth;SAWS;Port Nolloth/ SAWS;1987/03/01;12.129;;;;;;;
Port Nolloth;SAWS;Port Nolloth/ SAWS;1987/04/01;11.9;;;;;;;
Port Nolloth;SAWS;Port Nolloth/ SAWS;1987/05/01;11.952;;;;;;;
Port Nolloth;SAWS;Port Nolloth/ SAWS;1987/06/01;11.933;;;;;;;
Port Nolloth;SAWS;Port Nolloth/ SAWS;1987/07/01;11.532;;;;;;;
Port Nolloth;SAWS;Port Nolloth/ SAWS;1987/08/01;11.532;;;;;;;
Port Nolloth;SAWS;Port Nolloth/ SAWS;1987/09/01;11.65;;;;;;;
Port Nolloth;SAWS;Port Nolloth/ SAWS;1987/10/01;11.871;;;;;;;
Port Nolloth;SAWS;Port Nolloth/ SAWS;1987/11/01;11.933;;;;;;;
Port Nolloth;SAWS;Port Nolloth/ SAWS;1987/12/01;13.613;;;;;;;
Port Nolloth;SAWS;Port Nolloth/ SAWS;1988/01/01;11.484;;;;;;;
Port Nolloth;SAWS;Port Nolloth/ SAWS;1988/02/01;12.6;;;;;;;
Port Nolloth;SAWS;Port Nolloth/ SAWS;1988/03/01;14.833;;;;;;;
Port Nolloth;SAWS;Port Nolloth/ SAWS;1988/04/01;11.817;;;;;;;
Port Nolloth;SAWS;Port Nolloth/ SAWS;1988/05/01;11.919;;;;;;;
Port Nolloth;SAWS;Port Nolloth/ SAWS;1988/06/01;12.117;;;;;;;
Port Nolloth;SAWS;Port Nolloth/ SAWS;1988/07/01;10.567;;;;;;;
Port Nolloth;SAWS;Port Nolloth/ SAWS;1988/08/01;11.113;;;;;;;
Port Nolloth;SAWS;Port Nolloth/ SAWS;1988/09/01;11.133;;;;;;;
Port Nolloth;SAWS;Port Nolloth/ SAWS;1988/10/01;11.403;;;;;;;
Port Nolloth;SAWS;Port Nolloth/ SAWS;1988/11/01;11.75;;;;;;;
Port Nolloth;SAWS;Port Nolloth/ SAWS;1988/12/01;13.645;;;;;;;
Port Nolloth;SAWS;Port Nolloth/ SAWS;1989/01/01;14;;;;;;;
Port Nolloth;SAWS;Port Nolloth/ SAWS;1989/02/01;14.339;;;;;;;
Port Nolloth;SAWS;Port Nolloth/ SAWS;1989/03/01;12.984;;;;;;;
Port Nolloth;SAWS;Port Nolloth/ SAWS;1989/04/01;12.867;;;;;;;
Port Nolloth;SAWS;Port Nolloth/ SAWS;1989/05/01;13.242;;;;;;;
Port Nolloth;SAWS;Port Nolloth/ SAWS;1989/06/01;12.4;;;;;;;
Port Nolloth;SAWS;Port Nolloth/ SAWS;1989/07/01;11.548;;;;;;;
Port Nolloth;SAWS;Port Nolloth/ SAWS;1989/08/01;11.645;;;;;;;
Port Nolloth;SAWS;Port Nolloth/ SAWS;1989/09/01;11.067;;;;;;;
Port Nolloth;SAWS;Port Nolloth/ SAWS;1989/10/01;10.806;;;;;;;
Port Nolloth;SAWS;Port Nolloth/ SAWS;1989/11/01;11.35;;;;;;;
Port Nolloth;SAWS;Port Nolloth/ SAWS;1989/12/01;11.887;;;;;;;
Port Nolloth;SAWS;Port Nolloth/ SAWS;1990/01/01;12.683;;;;;;;
Port Nolloth;SAWS;Port Nolloth/ SAWS;1990/02/01;15.571;;;;;;;
Port Nolloth;SAWS;Port Nolloth/ SAWS;1990/03/01;14.177;;;;;;;
Port Nolloth;SAWS;Port Nolloth/ SAWS;1990/04/01;13.65;;;;;;;
Port Nolloth;SAWS;Port Nolloth/ SAWS;1990/05/01;12.806;;;;;;;
Port Nolloth;SAWS;Port Nolloth/ SAWS;1990/06/01;11.25;;;;;;;
Port Nolloth;SAWS;Port Nolloth/ SAWS;1990/07/01;10.935;;;;;;;
Port Nolloth;SAWS;Port Nolloth/ SAWS;1990/08/01;10.645;;;;;;;
Port Nolloth;SAWS;Port Nolloth/ SAWS;1990/09/01;11.133;;;;;;;
Port Nolloth;SAWS;Port Nolloth/ SAWS;1990/10/01;11.258;;;;;;;
Port Nolloth;SAWS;Port Nolloth/ SAWS;1990/11/01;11.733;;;;;;;
Port Nolloth;SAWS;Port Nolloth/ SAWS;1990/12/01;12.694;;;;;;;
Port Nolloth;SAWS;Port Nolloth/ SAWS;1991/01/01;12.21;;;;;;;
Port Nolloth;SAWS;Port Nolloth/ SAWS;1991/02/01;12.536;;;;;;;
Port Nolloth;SAWS;Port Nolloth/ SAWS;1991/03/01;12.855;;;;;;;
Port Nolloth;SAWS;Port Nolloth/ SAWS;1991/04/01;12.467;;;;;;;
Port Nolloth;SAWS;Port Nolloth/ SAWS;1991/05/01;12.016;;;;;;;
Port Nolloth;SAWS;Port Nolloth/ SAWS;1991/06/01;12.15;;;;;;;
Port Nolloth;SAWS;Port Nolloth/ SAWS;1991/07/01;12.145;;;;;;;
Port Nolloth;SAWS;Port Nolloth/ SAWS;1991/08/01;10.823;;;;;;;
Port Nolloth;SAWS;Port Nolloth/ SAWS;1991/09/01;11.033;;;;;;;
Port Nolloth;SAWS;Port Nolloth/ SAWS;1991/10/01;11.45;;;;;;;
Port Nolloth;SAWS;Port Nolloth/ SAWS;1991/11/01;11.19;;;;;;;
Port Nolloth;SAWS;Port Nolloth/ SAWS;1991/12/01;11.177;;;;;;;
Port Nolloth;SAWS;Port Nolloth/ SAWS;1992/01/01;11.129;;;;;;;
Port Nolloth;SAWS;Port Nolloth/ SAWS;1992/02/01;12.897;;;;;;;
Port Nolloth;SAWS;Port Nolloth/ SAWS;1992/03/01;12.548;;;;;;;
Port Nolloth;SAWS;Port Nolloth/ SAWS;1992/04/01;12.65;;;;;;;
Port Nolloth;SAWS;Port Nolloth/ SAWS;1992/05/01;11.032;;;;;;;
Port Nolloth;SAWS;Port Nolloth/ SAWS;1992/06/01;10.8;;;;;;;
Port Nolloth;SAWS;Port Nolloth/ SAWS;1992/07/01;10.79;;;;;;;
Port Nolloth;SAWS;Port Nolloth/ SAWS;1992/08/01;10.742;;;;;;;
Port Nolloth;SAWS;Port Nolloth/ SAWS;1992/09/01;10.767;;;;;;;
Port Nolloth;SAWS;Port Nolloth/ SAWS;1992/10/01;12.375;;;;;;;
Port Nolloth;SAWS;Port Nolloth/ SAWS;1992/11/01;11.37;;;;;;;
Port Nolloth;SAWS;Port Nolloth/ SAWS;1992/12/01;11.5;;;;;;;
Port Nolloth;SAWS;Port Nolloth/ SAWS;1993/01/01;11.806;;;;;;;
Port Nolloth;SAWS;Port Nolloth/ SAWS;1993/02/01;12.357;;;;;;;
Port Nolloth;SAWS;Port Nolloth/ SAWS;1993/03/01;12.274;;;;;;;
Port Nolloth;SAWS;Port Nolloth/ SAWS;1993/04/01;13.417;;;;;;;
Port Nolloth;SAWS;Port Nolloth/ SAWS;1993/05/01;11.952;;;;;;;
Port Nolloth;SAWS;Port Nolloth/ SAWS;1993/06/01;11.433;;;;;;;
Port Nolloth;SAWS;Port Nolloth/ SAWS;1993/07/01;12.194;;;;;;;
Port Nolloth;SAWS;Port Nolloth/ SAWS;1993/08/01;11.71;;;;;;;
Port Nolloth;SAWS;Port Nolloth/ SAWS;1993/09/01;10.776;;;;;;;
Port Nolloth;SAWS;Port Nolloth/ SAWS;1993/10/01;10.952;;;;;;;
Port Nolloth;SAWS;Port Nolloth/ SAWS;1993/11/01;11.667;;;;;;;
Port Nolloth;SAWS;Port Nolloth/ SAWS;1993/12/01;11.983;;;;;;;
Port Nolloth;SAWS;Port Nolloth/ SAWS;1994/01/01;12.983;;;;;;;
Port Nolloth;SAWS;Port Nolloth/ SAWS;1994/02/01;14.071;;;;;;;
Port Nolloth;SAWS;Port Nolloth/ SAWS;1994/03/01;13.887;;;;;;;
Port Nolloth;SAWS;Port Nolloth/ SAWS;1994/04/01;13.55;;;;;;;
Port Nolloth;SAWS;Port Nolloth/ SAWS;1994/05/01;11.887;;;;;;;
Port Nolloth;SAWS;Port Nolloth/ SAWS;1994/06/01;11.433;;;;;;;
Port Nolloth;SAWS;Port Nolloth/ SAWS;1994/07/01;11.21;;;;;;;
Port Nolloth;SAWS;Port Nolloth/ SAWS;1994/08/01;11.107;;;;;;;
Port Nolloth;SAWS;Port Nolloth/ SAWS;1994/09/01;11.917;;;;;;;
Port Nolloth;SAWS;Port Nolloth/ SAWS;1994/10/01;11.516;;;;;;;
Port Nolloth;SAWS;Port Nolloth/ SAWS;1994/11/01;12.348;;;;;;;
Port Nolloth;SAWS;Port Nolloth/ SAWS;1994/12/01;12.565;;;;;;;
Port Nolloth;SAWS;Port Nolloth/ SAWS;1995/01/01;13.532;;;;;;;
Port Nolloth;SAWS;Port Nolloth/ SAWS;1995/02/01;13.839;;;;;;;
Port Nolloth;SAWS;Port Nolloth/ SAWS;1995/03/01;13.677;;;;;;;
Port Nolloth;SAWS;Port Nolloth/ SAWS;1995/04/01;13.017;;;;;;;
Port Nolloth;SAWS;Port Nolloth/ SAWS;1995/05/01;13.583;;;;;;;
Port Nolloth;SAWS;Port Nolloth/ SAWS;1995/06/01;12.35;;;;;;;
Port Nolloth;SAWS;Port Nolloth/ SAWS;1995/07/01;11.355;;;;;;;
Port Nolloth;SAWS;Port Nolloth/ SAWS;1995/08/01;11.467;;;;;;;
Port Nolloth;SAWS;Port Nolloth/ SAWS;1995/09/01;11.25;;;;;;;
Port Nolloth;SAWS;Port Nolloth/ SAWS;1995/10/01;12.385;;;;;;;
Port Nolloth;SAWS;Port Nolloth/ SAWS;1995/11/01;11.857;;;;;;;
Port Nolloth;SAWS;Port Nolloth/ SAWS;1995/12/01;15.532;;;;;;;
Port Nolloth;SAWS;Port Nolloth/ SAWS;1996/01/01;13.79;;;;;;;
Port Nolloth;SAWS;Port Nolloth/ SAWS;1996/02/01;13.724;;;;;;;
Port Nolloth;SAWS;Port Nolloth/ SAWS;1996/03/01;13.194;;;;;;;
Port Nolloth;SAWS;Port Nolloth/ SAWS;1996/04/01;13.283;;;;;;;
Port Nolloth;SAWS;Port Nolloth/ SAWS;1996/05/01;12.887;;;;;;;
Port Nolloth;SAWS;Port Nolloth/ SAWS;1996/06/01;13.45;;;;;;;
Port Nolloth;SAWS;Port Nolloth/ SAWS;1996/07/01;12.339;;;;;;;
Port Nolloth;SAWS;Port Nolloth/ SAWS;1996/08/01;11.79;;;;;;;
Port Nolloth;SAWS;Port Nolloth/ SAWS;1996/09/01;12.267;;;;;;;
Port Nolloth;SAWS;Port Nolloth/ SAWS;1996/10/01;11.758;;;;;;;
Port Nolloth;SAWS;Port Nolloth/ SAWS;1996/11/01;11.95;;;;;;;
Port Nolloth;SAWS;Port Nolloth/ SAWS;1996/12/01;12.581;;;;;;;
Port Nolloth;SAWS;Port Nolloth/ SAWS;1997/01/01;12.532;;;;;;;
Port Nolloth;SAWS;Port Nolloth/ SAWS;1997/02/01;12.018;;;;;;;
Port Nolloth;SAWS;Port Nolloth/ SAWS;1997/03/01;11.903;;;;;;;
Port Nolloth;SAWS;Port Nolloth/ SAWS;1997/04/01;12.317;;;;;;;
Port Nolloth;SAWS;Port Nolloth/ SAWS;1997/05/01;12.034;;;;;;;
Port Nolloth;SAWS;Port Nolloth/ SAWS;1997/06/01;12.583;;;;;;;
Port Nolloth;SAWS;Port Nolloth/ SAWS;1997/07/01;12;;;;;;;
Port Nolloth;SAWS;Port Nolloth/ SAWS;1997/08/01;11.452;;;;;;;
Port Nolloth;SAWS;Port Nolloth/ SAWS;1997/09/01;12.7;;;;;;;
Port Nolloth;SAWS;Port Nolloth/ SAWS;1997/10/01;11.839;;;;;;;
Port Nolloth;SAWS;Port Nolloth/ SAWS;1997/11/01;12.483;;;;;;;
Port Nolloth;SAWS;Port Nolloth/ SAWS;1997/12/01;12.933;;;;;;;
Port Nolloth;SAWS;Port Nolloth/ SAWS;1998/01/01;12.742;;;;;;;
Port Nolloth;SAWS;Port Nolloth/ SAWS;1998/02/01;14.5;;;;;;;
Port Nolloth;SAWS;Port Nolloth/ SAWS;1998/03/01;13.032;;;;;;;
Port Nolloth;SAWS;Port Nolloth/ SAWS;1998/04/01;12.717;;;;;;;
Port Nolloth;SAWS;Port Nolloth/ SAWS;1998/05/01;12.167;;;;;;;
Port Nolloth;SAWS;Port Nolloth/ SAWS;1998/06/01;11.367;;;;;;;
Port Nolloth;SAWS;Port Nolloth/ SAWS;1998/07/01;10.903;;;;;;;
Port Nolloth;SAWS;Port Nolloth/ SAWS;1998/08/01;11.403;;;;;;;
Port Nolloth;SAWS;Port Nolloth/ SAWS;1998/09/01;0;;;;;;;
Port Nolloth;SAWS;Port Nolloth/ SAWS;1998/10/01;0;;;;;;;
Port Nolloth;SAWS;Port Nolloth/ SAWS;1998/11/01;0;;;;;;;
Port Nolloth;SAWS;Port Nolloth/ SAWS;1998/12/01;0;;;;;;;
Port Nolloth;SAWS;Port Nolloth/ SAWS;1999/01/01;12.516;;;;;;;
Port Nolloth;SAWS;Port Nolloth/ SAWS;1999/02/01;12.982;;;;;;;
Port Nolloth;SAWS;Port Nolloth/ SAWS;1999/03/01;12.548;;;;;;;
Port Nolloth;SAWS;Port Nolloth/ SAWS;1999/04/01;13.25;;;;;;;
Port Nolloth;SAWS;Port Nolloth/ SAWS;1999/05/01;13.097;;;;;;;
Port Nolloth;SAWS;Port Nolloth/ SAWS;1999/06/01;12.7;;;;;;;
Port Nolloth;SAWS;Port Nolloth/ SAWS;1999/07/01;12.581;;;;;;;
Port Nolloth;SAWS;Port Nolloth/ SAWS;1999/08/01;12.468;;;;;;;
Port Nolloth;SAWS;Port Nolloth/ SAWS;1999/09/01;12.417;;;;;;;
Port Nolloth;SAWS;Port Nolloth/ SAWS;1999/10/01;12.065;;;;;;;
Port Nolloth;SAWS;Port Nolloth/ SAWS;1999/11/01;11.883;;;;;;;
Port Nolloth;SAWS;Port Nolloth/ SAWS;1999/12/01;12.895;;;;;;;
Port Nolloth;SAWS;Port Nolloth/ SAWS;2000/01/01;13.417;;;;;;;
Port Nolloth;SAWS;Port Nolloth/ SAWS;2000/02/01;12.327;;;;;;;
Port Nolloth;SAWS;Port Nolloth/ SAWS;2000/03/01;12.532;;;;;;;
Port Nolloth;SAWS;Port Nolloth/ SAWS;2000/04/01;12.65;;;;;;;
Port Nolloth;SAWS;Port Nolloth/ SAWS;2000/05/01;11.355;;;;;;;
Port Nolloth;SAWS;Port Nolloth/ SAWS;2000/06/01;12.333;;;;;;;
Port Nolloth;SAWS;Port Nolloth/ SAWS;2000/07/01;11.968;;;;;;;
Port Nolloth;SAWS;Port Nolloth/ SAWS;2000/08/01;12.016;;;;;;;
Port Nolloth;SAWS;Port Nolloth/ SAWS;2000/09/01;11.167;;;;;;;
Port Nolloth;SAWS;Port Nolloth/ SAWS;2000/10/01;11.597;;;;;;;
Port Nolloth;SAWS;Port Nolloth/ SAWS;2000/11/01;13.533;;;;;;;
Port Nolloth;SAWS;Port Nolloth/ SAWS;2000/12/01;12.226;;;;;;;
Port Nolloth;SAWS;Port Nolloth/ SAWS;2001/01/01;12.435;;;;;;;
Port Nolloth;SAWS;Port Nolloth/ SAWS;2001/02/01;13.107;;;;;;;
Port Nolloth;SAWS;Port Nolloth/ SAWS;2001/03/01;13.387;;;;;;;
Port Nolloth;SAWS;Port Nolloth/ SAWS;2001/04/01;12.846;;;;;;;
Port Nolloth;SAWS;Port Nolloth/ SAWS;2001/05/01;13.548;;;;;;;
Port Nolloth;SAWS;Port Nolloth/ SAWS;2001/06/01;12.283;;;;;;;
Port Nolloth;SAWS;Port Nolloth/ SAWS;2001/07/01;12.613;;;;;;;
Port Nolloth;SAWS;Port Nolloth/ SAWS;2001/08/01;12.567;;;;;;;
Port Nolloth;SAWS;Port Nolloth/ SAWS;2001/09/01;12.417;;;;;;;
Port Nolloth;SAWS;Port Nolloth/ SAWS;2001/10/01;13.129;;;;;;;
Port Nolloth;SAWS;Port Nolloth/ SAWS;2001/11/01;14.367;;;;;;;
Port Nolloth;SAWS;Port Nolloth/ SAWS;2001/12/01;14.423;;;;;;;
Port Nolloth;SAWS;Port Nolloth/ SAWS;2002/01/01;13.707;;;;;;;
Port Nolloth;SAWS;Port Nolloth/ SAWS;2002/02/01;13.875;;;;;;;
Port Nolloth;SAWS;Port Nolloth/ SAWS;2002/03/01;13.419;;;;;;;
Port Nolloth;SAWS;Port Nolloth/ SAWS;2002/04/01;13.983;;;;;;;
Port Nolloth;SAWS;Port Nolloth/ SAWS;2002/05/01;14.833;;;;;;;
Port Nolloth;SAWS;Port Nolloth/ SAWS;2002/06/01;13.717;;;;;;;
Port Nolloth;SAWS;Port Nolloth/ SAWS;2002/07/01;12.968;;;;;;;
Port Nolloth;SAWS;Port Nolloth/ SAWS;2002/08/01;11.629;;;;;;;
Port Nolloth;SAWS;Port Nolloth/ SAWS;2002/09/01;11.633;;;;;;;
Port Nolloth;SAWS;Port Nolloth/ SAWS;2002/10/01;11.677;;;;;;;
Port Nolloth;SAWS;Port Nolloth/ SAWS;2002/11/01;11.583;;;;;;;
Port Nolloth;SAWS;Port Nolloth/ SAWS;2002/12/01;11.586;;;;;;;
Port Nolloth;SAWS;Port Nolloth/ SAWS;2003/01/01;12.517;;;;;;;
Port Nolloth;SAWS;Port Nolloth/ SAWS;2003/02/01;12.946;;;;;;;
Port Nolloth;SAWS;Port Nolloth/ SAWS;2003/03/01;12.452;;;;;;;
Port Nolloth;SAWS;Port Nolloth/ SAWS;2003/04/01;12.817;;;;;;;
Port Nolloth;SAWS;Port Nolloth/ SAWS;2003/05/01;12.355;;;;;;;
Port Nolloth;SAWS;Port Nolloth/ SAWS;2003/06/01;10.967;;;;;;;
Port Nolloth;SAWS;Port Nolloth/ SAWS;2003/07/01;11.355;;;;;;;
Port Nolloth;SAWS;Port Nolloth/ SAWS;2003/08/01;11.595;;;;;;;
Port Nolloth;SAWS;Port Nolloth/ SAWS;2003/09/01;11.694;;;;;;;
Port Nolloth;SAWS;Port Nolloth/ SAWS;2003/10/01;12.25;;;;;;;
Port Nolloth;SAWS;Port Nolloth/ SAWS;2003/11/01;12.25;;;;;;;
Port Nolloth;SAWS;Port Nolloth/ SAWS;2003/12/01;12.242;;;;;;;
Port Nolloth;SAWS;Port Nolloth/ SAWS;2004/01/01;12.806;;;;;;;
Port Nolloth;SAWS;Port Nolloth/ SAWS;2004/02/01;12.431;;;;;;;
Port Nolloth;SAWS;Port Nolloth/ SAWS;2004/03/01;11.984;;;;;;;
Port Nolloth;SAWS;Port Nolloth/ SAWS;2004/04/01;11.683;;;;;;;
Port Nolloth;SAWS;Port Nolloth/ SAWS;2004/05/01;11.613;;;;;;;
Port Nolloth;SAWS;Port Nolloth/ SAWS;2004/06/01;11.9;;;;;;;
Port Nolloth;SAWS;Port Nolloth/ SAWS;2004/07/01;11.323;;;;;;;
Port Nolloth;SAWS;Port Nolloth/ SAWS;2004/08/01;11.597;;;;;;;
Port Nolloth;SAWS;Port Nolloth/ SAWS;2004/09/01;11.638;;;;;;;
Port Nolloth;SAWS;Port Nolloth/ SAWS;2004/10/01;12.339;;;;;;;
Port Nolloth;SAWS;Port Nolloth/ SAWS;2004/11/01;11.917;;;;;;;
Port Nolloth;SAWS;Port Nolloth/ SAWS;2004/12/01;13.242;;;;;;;
Port Nolloth;SAWS;Port Nolloth/ SAWS;2005/01/01;13.903;;;;;;;
Port Nolloth;SAWS;Port Nolloth/ SAWS;2005/02/01;13.893;;;;;;;
Port Nolloth;SAWS;Port Nolloth/ SAWS;2005/03/01;13.452;;;;;;;
Port Nolloth;SAWS;Port Nolloth/ SAWS;2005/04/01;12.6;;;;;;;
Port Nolloth;SAWS;Port Nolloth/ SAWS;2005/05/01;12.452;;;;;;;
Port Nolloth;SAWS;Port Nolloth/ SAWS;2005/06/01;11.933;;;;;;;
Port Nolloth;SAWS;Port Nolloth/ SAWS;2005/07/01;11.79;;;;;;;
Port Nolloth;SAWS;Port Nolloth/ SAWS;2005/08/01;11.403;;;;;;;
Port Nolloth;SAWS;Port Nolloth/ SAWS;2005/09/01;11.267;;;;;;;
Port Nolloth;SAWS;Port Nolloth/ SAWS;2005/10/01;11.5;;;;;;;
Port Nolloth;SAWS;Port Nolloth/ SAWS;2005/11/01;13.017;;;;;;;
Port Nolloth;SAWS;Port Nolloth/ SAWS;2005/12/01;12.177;;;;;;;
Port Nolloth;SAWS;Port Nolloth/ SAWS;2006/01/01;12.774;;;;;;;
Port Nolloth;SAWS;Port Nolloth/ SAWS;2006/02/01;13.839;;;;;;;
Port Nolloth;SAWS;Port Nolloth/ SAWS;2006/03/01;12.629;;;;;;;
Port Nolloth;SAWS;Port Nolloth/ SAWS;2006/04/01;13.233;;;;;;;
Port Nolloth;SAWS;Port Nolloth/ SAWS;2006/05/01;13.855;;;;;;;
Port Nolloth;SAWS;Port Nolloth/ SAWS;2006/06/01;13.7;;;;;;;
Port Nolloth;SAWS;Port Nolloth/ SAWS;2006/07/01;12.548;;;;;;;
Port Nolloth;SAWS;Port Nolloth/ SAWS;2006/08/01;12.032;;;;;;;
Port Nolloth;SAWS;Port Nolloth/ SAWS;2006/09/01;11.533;;;;;;;
Port Nolloth;SAWS;Port Nolloth/ SAWS;2006/10/01;12.065;;;;;;;
Port Nolloth;SAWS;Port Nolloth/ SAWS;2006/11/01;12.333;;;;;;;
Port Nolloth;SAWS;Port Nolloth/ SAWS;2006/12/01;12.435;;;;;;;
Port Nolloth;SAWS;Port Nolloth/ SAWS;2007/01/01;12.565;;;;;;;
Port Nolloth;SAWS;Port Nolloth/ SAWS;2007/02/01;12.732;;;;;;;
Port Nolloth;SAWS;Port Nolloth/ SAWS;2007/03/01;12.896;;;;;;;
Port Nolloth;SAWS;Port Nolloth/ SAWS;2007/04/01;12.983;;;;;;;
Port Nolloth;SAWS;Port Nolloth/ SAWS;2007/05/01;12.565;;;;;;;
Port Nolloth;SAWS;Port Nolloth/ SAWS;2007/06/01;12.633;;;;;;;
Port Nolloth;SAWS;Port Nolloth/ SAWS;2007/07/01;12.081;;;;;;;
Port Nolloth;SAWS;Port Nolloth/ SAWS;2007/08/01;12.226;;;;;;;
Port Nolloth;SAWS;Port Nolloth/ SAWS;2007/09/01;11.633;;;;;;;
Port Nolloth;SAWS;Port Nolloth/ SAWS;2007/10/01;11.532;;;;;;;
Port Nolloth;SAWS;Port Nolloth/ SAWS;2007/11/01;11.733;;;;;;;
Port Nolloth;SAWS;Port Nolloth/ SAWS;2007/12/01;13.516;;;;;;;
Port Nolloth;SAWS;Port Nolloth/ SAWS;2008/01/01;13.161;;;;;;;
Port Nolloth;SAWS;Port Nolloth/ SAWS;2008/02/01;12.431;;;;;;;
Port Nolloth;SAWS;Port Nolloth/ SAWS;2008/03/01;13.339;;;;;;;
Port Nolloth;SAWS;Port Nolloth/ SAWS;2008/04/01;12.65;;;;;;;
Port Nolloth;SAWS;Port Nolloth/ SAWS;2008/05/01;13.129;;;;;;;
Port Nolloth;SAWS;Port Nolloth/ SAWS;2008/06/01;13.25;;;;;;;
Port Nolloth;SAWS;Port Nolloth/ SAWS;2008/07/01;12.871;;;;;;;
Port Nolloth;SAWS;Port Nolloth/ SAWS;2008/08/01;12.548;;;;;;;
Port Nolloth;SAWS;Port Nolloth/ SAWS;2008/09/01;12.917;;;;;;;
Port Nolloth;SAWS;Port Nolloth/ SAWS;2008/10/01;12.726;;;;;;;
Port Nolloth;SAWS;Port Nolloth/ SAWS;2008/11/01;12.517;;;;;;;
Port Nolloth;SAWS;Port Nolloth/ SAWS;2008/12/01;12.871;;;;;;;
Port Nolloth;SAWS;Port Nolloth/ SAWS;2009/01/01;14.194;;;;;;;
Port Nolloth;SAWS;Port Nolloth/ SAWS;2009/02/01;13.732;;;;;;;
Port Nolloth;SAWS;Port Nolloth/ SAWS;2009/03/01;12.871;;;;;;;
Port Nolloth;SAWS;Port Nolloth/ SAWS;2009/04/01;12.45;;;;;;;
Port Nolloth;SAWS;Port Nolloth/ SAWS;2009/05/01;13.226;;;;;;;
Port Nolloth;SAWS;Port Nolloth/ SAWS;2009/06/01;12.717;;;;;;;
Port Nolloth;SAWS;Port Nolloth/ SAWS;2009/07/01;12.935;;;;;;;
Port Nolloth;SAWS;Port Nolloth/ SAWS;2009/08/01;11.661;;;;;;;
Port Nolloth;SAWS;Port Nolloth/ SAWS;2009/09/01;11.9;;;;;;;
Port Nolloth;SAWS;Port Nolloth/ SAWS;2009/10/01;12.323;;;;;;;
Port Nolloth;SAWS;Port Nolloth/ SAWS;2009/11/01;13.567;;;;;;;
Port Nolloth;SAWS;Port Nolloth/ SAWS;2009/12/01;13.903;;;;;;;
Port Nolloth;SAWS;Port Nolloth/ SAWS;2010/01/01;12.871;;;;;;;
Port Nolloth;SAWS;Port Nolloth/ SAWS;2010/02/01;13.304;;;;;;;
Port Nolloth;SAWS;Port Nolloth/ SAWS;2010/03/01;13.468;;;;;;;
Port Nolloth;SAWS;Port Nolloth/ SAWS;2010/04/01;12.467;;;;;;;
Port Nolloth;SAWS;Port Nolloth/ SAWS;2010/05/01;12.371;;;;;;;
Port Nolloth;SAWS;Port Nolloth/ SAWS;2010/06/01;12.1;;;;;;;
Port Nolloth;SAWS;Port Nolloth/ SAWS;2010/07/01;11.823;;;;;;;
Port Nolloth;SAWS;Port Nolloth/ SAWS;2010/08/01;12.21;;;;;;;
Port Nolloth;SAWS;Port Nolloth/ SAWS;2010/09/01;12.25;;;;;;;
Port Nolloth;SAWS;Port Nolloth/ SAWS;2010/10/01;12.5;;;;;;;
Port Nolloth;SAWS;Port Nolloth/ SAWS;2010/11/01;12.717;;;;;;;
Port Nolloth;SAWS;Port Nolloth/ SAWS;2010/12/01;13.419;;;;;;;
Port Nolloth;SAWS;Port Nolloth/ SAWS;2011/01/01;14.633;;;;;;;
Port Nolloth;SAWS;Port Nolloth/ SAWS;2011/02/01;13.875;;;;;;;
Port Nolloth;SAWS;Port Nolloth/ SAWS;2011/03/01;14.742;;;;;;;
Port Nolloth;SAWS;Port Nolloth/ SAWS;2011/04/01;13.217;;;;;;;
Port Nolloth;SAWS;Port Nolloth/ SAWS;2011/05/01;13.258;;;;;;;
Port Nolloth;SAWS;Port Nolloth/ SAWS;2011/06/01;12.6;;;;;;;
Port Nolloth;SAWS;Port Nolloth/ SAWS;2011/07/01;12.435;;;;;;;
Port Nolloth;SAWS;Port Nolloth/ SAWS;2011/08/01;12.371;;;;;;;
Port Nolloth;SAWS;Port Nolloth/ SAWS;2011/09/01;12.25;;;;;;;
Port Nolloth;SAWS;Port Nolloth/ SAWS;2011/10/01;12.629;;;;;;;
Port Nolloth;SAWS;Port Nolloth/ SAWS;2011/11/01;12.217;;;;;;;
Port Nolloth;SAWS;Port Nolloth/ SAWS;2011/12/01;12.306;;;;;;;
Port Nolloth;SAWS;Port Nolloth/ SAWS;2012/01/01;13.742;;;;;;;
Port Nolloth;SAWS;Port Nolloth/ SAWS;2012/02/01;13.19;;;;;;;
Port Nolloth;SAWS;Port Nolloth/ SAWS;2012/03/01;12.79;;;;;;;
Port Nolloth;SAWS;Port Nolloth/ SAWS;2012/04/01;12.283;;;;;;;
Port Nolloth;SAWS;Port Nolloth/ SAWS;2012/05/01;11.726;;;;;;;
Port Nolloth;SAWS;Port Nolloth/ SAWS;2012/06/01;11.6;;;;;;;
Port Nolloth;SAWS;Port Nolloth/ SAWS;2012/07/01;11.403;;;;;;;
Port Nolloth;SAWS;Port Nolloth/ SAWS;2012/08/01;11.532;;;;;;;
Port Nolloth;SAWS;Port Nolloth/ SAWS;2012/09/01;11.7;;;;;;;
Port Nolloth;SAWS;Port Nolloth/ SAWS;2012/10/01;12.016;;;;;;;
Port Nolloth;SAWS;Port Nolloth/ SAWS;2012/11/01;12.167;;;;;;;
Port Nolloth;SAWS;Port Nolloth/ SAWS;2012/12/01;13.79;;;;;;;
Port Nolloth;SAWS;Port Nolloth/ SAWS;2013/01/01;13.21;;;;;;;
Port Nolloth;SAWS;Port Nolloth/ SAWS;2013/02/01;13.036;;;;;;;
Port Nolloth;SAWS;Port Nolloth/ SAWS;2013/03/01;12.968;;;;;;;
Port Nolloth;SAWS;Port Nolloth/ SAWS;2013/04/01;12.833;;;;;;;
Port Nolloth;SAWS;Port Nolloth/ SAWS;2013/05/01;13.05;;;;;;;
Port Nolloth;SAWS;Port Nolloth/ SAWS;2013/06/01;12.983;;;;;;;
Port Nolloth;SAWS;Port Nolloth/ SAWS;2013/07/01;12.677;;;;;;;
Port Nolloth;SAWS;Port Nolloth/ SAWS;2013/08/01;11.758;;;;;;;
Port Nolloth;SAWS;Port Nolloth/ SAWS;2013/09/01;12.083;;;;;;;
Port Nolloth;SAWS;Port Nolloth/ SAWS;2013/10/01;13.129;;;;;;;
Port Nolloth;SAWS;Port Nolloth/ SAWS;2013/11/01;14.45;;;;;;;
Port Nolloth;SAWS;Port Nolloth/ SAWS;2013/12/01;13.21;;;;;;;
Port Nolloth;SAWS;Port Nolloth/ SAWS;2014/01/01;13.629;;;;;;;
Port Nolloth;SAWS;Port Nolloth/ SAWS;2014/02/01;13.518;;;;;;;
Port Nolloth;SAWS;Port Nolloth/ SAWS;2014/03/01;13.323;;;;;;;
Port Nolloth;SAWS;Port Nolloth/ SAWS;2014/04/01;12.717;;;;;;;
Port Nolloth;SAWS;Port Nolloth/ SAWS;2014/05/01;12.903;;;;;;;
Port Nolloth;SAWS;Port Nolloth/ SAWS;2014/06/01;12.417;;;;;;;
Port Nolloth;SAWS;Port Nolloth/ SAWS;2014/07/01;12.532;;;;;;;
Port Nolloth;SAWS;Port Nolloth/ SAWS;2014/08/01;13.065;;;;;;;
Port Nolloth;SAWS;Port Nolloth/ SAWS;2014/09/01;12.3;;;;;;;
Port Nolloth;SAWS;Port Nolloth/ SAWS;2014/10/01;13.565;;;;;;;
Port Nolloth;SAWS;Port Nolloth/ SAWS;2014/11/01;14.483;;;;;;;
Port Nolloth;SAWS;Port Nolloth/ SAWS;2014/12/01;13.21;;;;;;;
Port Nolloth;SAWS;Port Nolloth/ SAWS;2015/01/01;12.883;;;;;;;
Port Nolloth;SAWS;Port Nolloth/ SAWS;2015/02/01;14.232;;;;;;;
Port Nolloth;SAWS;Port Nolloth/ SAWS;2015/03/01;14.435;;;;;;;
Port Nolloth;SAWS;Port Nolloth/ SAWS;2015/04/01;13.767;;;;;;;
Port Nolloth;SAWS;Port Nolloth/ SAWS;2015/05/01;12.742;;;;;;;
Port Nolloth;SAWS;Port Nolloth/ SAWS;2015/06/01;13.567;;;;;;;
Port Nolloth;SAWS;Port Nolloth/ SAWS;2015/07/01;12.694;;;;;;;
Port Nolloth;SAWS;Port Nolloth/ SAWS;2015/08/01;12.984;;;;;;;
Port Nolloth;SAWS;Port Nolloth/ SAWS;2015/09/01;14.233;;;;;;;
Port Nolloth;SAWS;Port Nolloth/ SAWS;2015/10/01;13.724;;;;;;;
Port Nolloth;SAWS;Port Nolloth/ SAWS;2015/11/01;14.6;;;;;;;
Port Nolloth;SAWS;Port Nolloth/ SAWS;2015/12/01;15.452;;;;;;;
Port Nolloth;SAWS;Port Nolloth/ SAWS;2016/01/01;16.919;;;;;;;
Port Nolloth;SAWS;Port Nolloth/ SAWS;2016/02/01;17.207;;;;;;;
Port Nolloth;SAWS;Port Nolloth/ SAWS;2016/03/01;15.677;;;;;;;
Port Nolloth;SAWS;Port Nolloth/ SAWS;2016/04/01;15.733;;;;;;;
Port Nolloth;SAWS;Port Nolloth/ SAWS;2016/05/01;15.435;;;;;;;
Port Nolloth;SAWS;Port Nolloth/ SAWS;2016/06/01;14.983;;;;;;;
Port Nolloth;SAWS;Port Nolloth/ SAWS;2016/07/01;14.145;;;;;;;
Port Nolloth;SAWS;Port Nolloth/ SAWS;2016/08/01;14.733;;;;;;;
Muizenberg;SAWS;Muizenberg/ SAWS;1973/05/01;14.037;;;;;;;
Muizenberg;SAWS;Muizenberg/ SAWS;1973/06/01;14.033;;;;;;;
Muizenberg;SAWS;Muizenberg/ SAWS;1973/07/01;13.726;;;;;Mean (MUIZENBERG);;
Muizenberg;SAWS;Muizenberg/ SAWS;1973/08/01;12.597;;;;Jan;19,00;;
Muizenberg;SAWS;Muizenberg/ SAWS;1973/09/01;13.933;;;;Feb ;#DIV/0!;;
Muizenberg;SAWS;Muizenberg/ SAWS;1973/10/01;16.839;;;;Mar;#DIV/0!;;
Muizenberg;SAWS;Muizenberg/ SAWS;1973/11/01;17.617;;;;Apr;15,50;;
Muizenberg;SAWS;Muizenberg/ SAWS;1973/12/01;19.196;;;;May;12,00;;
Muizenberg;SAWS;Muizenberg/ SAWS;1974/01/01;19.463;;;;Jun;0,00;;
Muizenberg;SAWS;Muizenberg/ SAWS;1974/02/01;18.732;;;;Jul;#DIV/0!;;
Muizenberg;SAWS;Muizenberg/ SAWS;1974/03/01;17.097;;;;Aug;11,00;;
Muizenberg;SAWS;Muizenberg/ SAWS;1974/04/01;15.517;;;;Sep;#DIV/0!;;
Muizenberg;SAWS;Muizenberg/ SAWS;1974/05/01;13.613;;;;Oct;9,67;;
Muizenberg;SAWS;Muizenberg/ SAWS;1974/06/01;13.35;;;;Nov;#DIV/0!;;
Muizenberg;SAWS;Muizenberg/ SAWS;1974/07/01;13.855;;;;Dec;21,00;;
Muizenberg;SAWS;Muizenberg/ SAWS;1974/08/01;13.306;;;;;;;
Muizenberg;SAWS;Muizenberg/ SAWS;1974/09/01;14.417;;;;;;;
Muizenberg;SAWS;Muizenberg/ SAWS;1974/10/01;16.129;;;;;;;
Muizenberg;SAWS;Muizenberg/ SAWS;1974/11/01;17.9;;;;;;;
Muizenberg;SAWS;Muizenberg/ SAWS;1974/12/01;19.597;;;;;;;
Muizenberg;SAWS;Muizenberg/ SAWS;1975/01/01;20.21;;;;;;;
Muizenberg;SAWS;Muizenberg/ SAWS;1975/02/01;17.946;;;;;;;
Muizenberg;SAWS;Muizenberg/ SAWS;1975/03/01;16.887;;;;;;;
Muizenberg;SAWS;Muizenberg/ SAWS;1975/04/01;16.167;;;;;;;
Muizenberg;SAWS;Muizenberg/ SAWS;1975/05/01;15.938;;;;;;;
Muizenberg;SAWS;Muizenberg/ SAWS;1975/06/01;14.019;;;;;;;
Muizenberg;SAWS;Muizenberg/ SAWS;1975/07/01;13.231;;;;;;;
Muizenberg;SAWS;Muizenberg/ SAWS;1975/08/01;13.29;;;;;;;
Muizenberg;SAWS;Muizenberg/ SAWS;1975/09/01;15.45;;;;;;;
Muizenberg;SAWS;Muizenberg/ SAWS;1975/10/01;15.613;;;;;;;
Muizenberg;SAWS;Muizenberg/ SAWS;1975/11/01;17.768;;;;;;;
Muizenberg;SAWS;Muizenberg/ SAWS;1975/12/01;18.615;;;;;;;
Muizenberg;SAWS;Muizenberg/ SAWS;1976/01/01;18.417;;;;;;;
Muizenberg;SAWS;Muizenberg/ SAWS;1976/02/01;18.364;;;;;;;
Muizenberg;SAWS;Muizenberg/ SAWS;1976/03/01;17.923;;;;;;;
Muizenberg;SAWS;Muizenberg/ SAWS;1976/04/01;16.81;;;;;;;
Muizenberg;SAWS;Muizenberg/ SAWS;1976/05/01;15.984;;;;;;;
Muizenberg;SAWS;Muizenberg/ SAWS;1976/06/01;12.891;;;;;;;
Muizenberg;SAWS;Muizenberg/ SAWS;1976/07/01;12.646;;;;;;;
Muizenberg;SAWS;Muizenberg/ SAWS;1976/08/01;13.25;;;;;;;
Muizenberg;SAWS;Muizenberg/ SAWS;1976/09/01;15.109;;;;;;;
Muizenberg;SAWS;Muizenberg/ SAWS;1976/10/01;16.177;;;;;;;
Muizenberg;SAWS;Muizenberg/ SAWS;1976/11/01;16.583;;;;;;;
Muizenberg;SAWS;Muizenberg/ SAWS;1976/12/01;18.387;;;;;;;
Muizenberg;SAWS;Muizenberg/ SAWS;1977/01/01;19.306;;;;;;;
Muizenberg;SAWS;Muizenberg/ SAWS;1977/02/01;20.036;;;;;;;
Muizenberg;SAWS;Muizenberg/ SAWS;1977/03/01;16.774;;;;;;;
Muizenberg;SAWS;Muizenberg/ SAWS;1977/04/01;16.983;;;;;;;
Muizenberg;SAWS;Muizenberg/ SAWS;1977/05/01;14.355;;;;;;;
Muizenberg;SAWS;Muizenberg/ SAWS;1977/06/01;13.75;;;;;;;
Muizenberg;SAWS;Muizenberg/ SAWS;1977/07/01;12.887;;;;;;;
Muizenberg;SAWS;Muizenberg/ SAWS;1977/08/01;13.613;;;;;;;
Muizenberg;SAWS;Muizenberg/ SAWS;1977/09/01;15.1;;;;;;;
Muizenberg;SAWS;Muizenberg/ SAWS;1977/10/01;16.532;;;;;;;
Muizenberg;SAWS;Muizenberg/ SAWS;1977/11/01;19.565;;;;;;;
Muizenberg;SAWS;Muizenberg/ SAWS;1977/12/01;19.79;;;;;;;
Muizenberg;SAWS;Muizenberg/ SAWS;1978/01/01;18.774;;;;;;;
Muizenberg;SAWS;Muizenberg/ SAWS;1978/02/01;20.071;;;;;;;
Muizenberg;SAWS;Muizenberg/ SAWS;1978/03/01;19.355;;;;;;;
Muizenberg;SAWS;Muizenberg/ SAWS;1978/04/01;16.45;;;;;;;
Muizenberg;SAWS;Muizenberg/ SAWS;1978/05/01;13.968;;;;;;;
Muizenberg;SAWS;Muizenberg/ SAWS;1978/06/01;13.583;;;;;;;
Muizenberg;SAWS;Muizenberg/ SAWS;1978/07/01;13.581;;;;;;;
Muizenberg;SAWS;Muizenberg/ SAWS;1978/08/01;13.242;;;;;;;
Muizenberg;SAWS;Muizenberg/ SAWS;1978/09/01;14.517;;;;;;;
Muizenberg;SAWS;Muizenberg/ SAWS;1978/10/01;16.016;;;;;;;
Muizenberg;SAWS;Muizenberg/ SAWS;1978/11/01;18.583;;;;;;;
Muizenberg;SAWS;Muizenberg/ SAWS;1978/12/01;18.417;;;;;;;
Muizenberg;SAWS;Muizenberg/ SAWS;1979/01/01;18.935;;;;;;;
Muizenberg;SAWS;Muizenberg/ SAWS;1979/02/01;18.821;;;;;;;
Muizenberg;SAWS;Muizenberg/ SAWS;1979/03/01;17.597;;;;;;;
Muizenberg;SAWS;Muizenberg/ SAWS;1979/04/01;17.067;;;;;;;
Muizenberg;SAWS;Muizenberg/ SAWS;1979/05/01;16.161;;;;;;;
Muizenberg;SAWS;Muizenberg/ SAWS;1979/06/01;12.883;;;;;;;
Muizenberg;SAWS;Muizenberg/ SAWS;1979/07/01;12.484;;;;;;;
Muizenberg;SAWS;Muizenberg/ SAWS;1979/08/01;13.629;;;;;;;
Muizenberg;SAWS;Muizenberg/ SAWS;1979/09/01;13.867;;;;;;;
Muizenberg;SAWS;Muizenberg/ SAWS;1979/10/01;15.565;;;;;;;
Muizenberg;SAWS;Muizenberg/ SAWS;1979/11/01;18.583;;;;;;;
Muizenberg;SAWS;Muizenberg/ SAWS;1979/12/01;19.532;;;;;;;
Muizenberg;SAWS;Muizenberg/ SAWS;1980/01/01;19.774;;;;;;;
Muizenberg;SAWS;Muizenberg/ SAWS;1980/02/01;18.172;;;;;;;
Muizenberg;SAWS;Muizenberg/ SAWS;1980/03/01;18.048;;;;;;;
Muizenberg;SAWS;Muizenberg/ SAWS;1980/04/01;16.917;;;;;;;
Muizenberg;SAWS;Muizenberg/ SAWS;1980/05/01;14.79;;;;;;;
Muizenberg;SAWS;Muizenberg/ SAWS;1980/06/01;13.783;;;;;;;
Muizenberg;SAWS;Muizenberg/ SAWS;1980/07/01;14.516;;;;;;;
Muizenberg;SAWS;Muizenberg/ SAWS;1980/08/01;14.242;;;;;;;
Muizenberg;SAWS;Muizenberg/ SAWS;1980/09/01;14.633;;;;;;;
Muizenberg;SAWS;Muizenberg/ SAWS;1980/10/01;16.629;;;;;;;
Muizenberg;SAWS;Muizenberg/ SAWS;1980/11/01;18.35;;;;;;;
Muizenberg;SAWS;Muizenberg/ SAWS;1980/12/01;21.667;;;;;;;
Muizenberg;SAWS;Muizenberg/ SAWS;1981/01/01;22.129;;;;;;;
Muizenberg;SAWS;Muizenberg/ SAWS;1981/02/01;21.643;;;;;;;
Muizenberg;SAWS;Muizenberg/ SAWS;1981/03/01;20.081;;;;;;;
Muizenberg;SAWS;Muizenberg/ SAWS;1981/04/01;17.733;;;;;;;
Muizenberg;SAWS;Muizenberg/ SAWS;1981/05/01;14.661;;;;;;;
Muizenberg;SAWS;Muizenberg/ SAWS;1981/06/01;12.674;;;;;;;
Muizenberg;SAWS;Muizenberg/ SAWS;1981/07/01;12.097;;;;;;;
Muizenberg;SAWS;Muizenberg/ SAWS;1981/08/01;12.516;;;;;;;
Muizenberg;SAWS;Muizenberg/ SAWS;1981/09/01;14.033;;;;;;;
Muizenberg;SAWS;Muizenberg/ SAWS;1981/10/01;16.371;;;;;;;
Muizenberg;SAWS;Muizenberg/ SAWS;1981/11/01;18.022;;;;;;;
Muizenberg;SAWS;Muizenberg/ SAWS;1981/12/01;19.283;;;;;;;
Muizenberg;SAWS;Muizenberg/ SAWS;1982/01/01;19.919;;;;;;;
Muizenberg;SAWS;Muizenberg/ SAWS;1982/02/01;19.964;;;;;;;
Muizenberg;SAWS;Muizenberg/ SAWS;1982/03/01;16.316;;;;;;;
Muizenberg;SAWS;Muizenberg/ SAWS;1982/04/01;16.071;;;;;;;
Muizenberg;SAWS;Muizenberg/ SAWS;1982/05/01;15.113;;;;;;;
Muizenberg;SAWS;Muizenberg/ SAWS;1982/06/01;13.417;;;;;;;
Muizenberg;SAWS;Muizenberg/ SAWS;1982/07/01;13.452;;;;;;;
Muizenberg;SAWS;Muizenberg/ SAWS;1982/08/01;13.854;;;;;;;
Muizenberg;SAWS;Muizenberg/ SAWS;1982/09/01;14.933;;;;;;;
Muizenberg;SAWS;Muizenberg/ SAWS;1982/10/01;15.952;;;;;;;
Muizenberg;SAWS;Muizenberg/ SAWS;1982/11/01;17.25;;;;;;;
Muizenberg;SAWS;Muizenberg/ SAWS;1982/12/01;19.065;;;;;;;
Muizenberg;SAWS;Muizenberg/ SAWS;1983/01/01;20.387;;;;;;;
Muizenberg;SAWS;Muizenberg/ SAWS;1983/02/01;19.7;;;;;;;
Muizenberg;SAWS;Muizenberg/ SAWS;1983/03/01;16.87;;;;;;;
Muizenberg;SAWS;Muizenberg/ SAWS;1983/04/01;16.45;;;;;;;
Muizenberg;SAWS;Muizenberg/ SAWS;1983/05/01;14.677;;;;;;;
Muizenberg;SAWS;Muizenberg/ SAWS;1983/06/01;13.717;;;;;;;
Muizenberg;SAWS;Muizenberg/ SAWS;1983/07/01;12.516;;;;;;;
Muizenberg;SAWS;Muizenberg/ SAWS;1983/08/01;13.403;;;;;;;
Muizenberg;SAWS;Muizenberg/ SAWS;1983/09/01;13.883;;;;;;;
Muizenberg;SAWS;Muizenberg/ SAWS;1983/10/01;15.643;;;;;;;
Muizenberg;SAWS;Muizenberg/ SAWS;1983/11/01;18.269;;;;;;;
Muizenberg;SAWS;Muizenberg/ SAWS;1983/12/01;20.739;;;;;;;
Muizenberg;SAWS;Muizenberg/ SAWS;1984/01/01;20.565;;;;;;;
Muizenberg;SAWS;Muizenberg/ SAWS;1984/02/01;19.621;;;;;;;
Muizenberg;SAWS;Muizenberg/ SAWS;1984/03/01;16.984;;;;;;;
Muizenberg;SAWS;Muizenberg/ SAWS;1984/04/01;12.467;;;;;;;
Muizenberg;SAWS;Muizenberg/ SAWS;1984/05/01;11.177;;;;;;;
Muizenberg;SAWS;Muizenberg/ SAWS;1984/06/01;10.4;;;;;;;
Muizenberg;SAWS;Muizenberg/ SAWS;1984/07/01;9.708;;;;;;;
Muizenberg;SAWS;Muizenberg/ SAWS;1984/08/01;10.387;;;;;;;
Muizenberg;SAWS;Muizenberg/ SAWS;1984/09/01;10.739;;;;;;;
Muizenberg;SAWS;Muizenberg/ SAWS;1984/10/01;12.194;;;;;;;
Muizenberg;SAWS;Muizenberg/ SAWS;1984/11/01;16.633;;;;;;;
Muizenberg;SAWS;Muizenberg/ SAWS;1984/12/01;18.79;;;;;;;
Muizenberg;SAWS;Muizenberg/ SAWS;1985/01/01;20.194;;;;;;;
Muizenberg;SAWS;Muizenberg/ SAWS;1985/02/01;19.536;;;;;;;
Muizenberg;SAWS;Muizenberg/ SAWS;1985/03/01;17.8;;;;;;;
Muizenberg;SAWS;Muizenberg/ SAWS;1985/04/01;16;;;;;;;
Muizenberg;SAWS;Muizenberg/ SAWS;1985/05/01;14.548;;;;;;;
Muizenberg;SAWS;Muizenberg/ SAWS;1985/06/01;13.45;;;;;;;
Muizenberg;SAWS;Muizenberg/ SAWS;1985/07/01;11.79;;;;;;;
Muizenberg;SAWS;Muizenberg/ SAWS;1985/08/01;13.161;;;;;;;
Muizenberg;SAWS;Muizenberg/ SAWS;1985/09/01;15.033;;;;;;;
Muizenberg;SAWS;Muizenberg/ SAWS;1985/10/01;16.387;;;;;;;
Muizenberg;SAWS;Muizenberg/ SAWS;1985/11/01;17.933;;;;;;;
Muizenberg;SAWS;Muizenberg/ SAWS;1985/12/01;19.242;;;;;;;
Muizenberg;SAWS;Muizenberg/ SAWS;1986/01/01;19.177;;;;;;;
Muizenberg;SAWS;Muizenberg/ SAWS;1986/02/01;19.5;;;;;;;
Muizenberg;SAWS;Muizenberg/ SAWS;1986/03/01;17.742;;;;;;;
Muizenberg;SAWS;Muizenberg/ SAWS;1986/04/01;16.333;;;;;;;
Muizenberg;SAWS;Muizenberg/ SAWS;1986/05/01;14.645;;;;;;;
Muizenberg;SAWS;Muizenberg/ SAWS;1986/06/01;12.5;;;;;;;
Muizenberg;SAWS;Muizenberg/ SAWS;1986/07/01;11.726;;;;;;;
Muizenberg;SAWS;Muizenberg/ SAWS;1986/08/01;12.71;;;;;;;
Muizenberg;SAWS;Muizenberg/ SAWS;1986/09/01;14.967;;;;;;;
Muizenberg;SAWS;Muizenberg/ SAWS;1986/10/01;16.79;;;;;;;
Muizenberg;SAWS;Muizenberg/ SAWS;1986/11/01;18.4;;;;;;;
Muizenberg;SAWS;Muizenberg/ SAWS;1986/12/01;19.774;;;;;;;
Muizenberg;SAWS;Muizenberg/ SAWS;1987/01/01;20.081;;;;;;;
Muizenberg;SAWS;Muizenberg/ SAWS;1987/02/01;19.857;;;;;;;
Muizenberg;SAWS;Muizenberg/ SAWS;1987/03/01;18.581;;;;;;;
Muizenberg;SAWS;Muizenberg/ SAWS;1987/04/01;16.75;;;;;;;
Muizenberg;SAWS;Muizenberg/ SAWS;1987/05/01;15.581;;;;;;;
Muizenberg;SAWS;Muizenberg/ SAWS;1987/06/01;14.217;;;;;;;
Muizenberg;SAWS;Muizenberg/ SAWS;1987/07/01;12.919;;;;;;;
Muizenberg;SAWS;Muizenberg/ SAWS;1987/08/01;13.71;;;;;;;
Muizenberg;SAWS;Muizenberg/ SAWS;1987/09/01;14.75;;;;;;;
Muizenberg;SAWS;Muizenberg/ SAWS;1987/10/01;16.403;;;;;;;
Muizenberg;SAWS;Muizenberg/ SAWS;1987/11/01;17.733;;;;;;;
Muizenberg;SAWS;Muizenberg/ SAWS;1987/12/01;19.403;;;;;;;
Muizenberg;SAWS;Muizenberg/ SAWS;1988/01/01;20.194;;;;;;;
Muizenberg;SAWS;Muizenberg/ SAWS;1988/02/01;18.759;;;;;;;
Muizenberg;SAWS;Muizenberg/ SAWS;1988/03/01;17.339;;;;;;;
Muizenberg;SAWS;Muizenberg/ SAWS;1988/04/01;15.8;;;;;;;
Muizenberg;SAWS;Muizenberg/ SAWS;1988/05/01;13.742;;;;;;;
Muizenberg;SAWS;Muizenberg/ SAWS;1988/06/01;11.217;;;;;;;
Muizenberg;SAWS;Muizenberg/ SAWS;1988/07/01;11.548;;;;;;;
Muizenberg;SAWS;Muizenberg/ SAWS;1988/08/01;12.839;;;;;;;
Muizenberg;SAWS;Muizenberg/ SAWS;1988/09/01;12.95;;;;;;;
Muizenberg;SAWS;Muizenberg/ SAWS;1988/10/01;15.113;;;;;;;
Muizenberg;SAWS;Muizenberg/ SAWS;1988/11/01;17.633;;;;;;;
Muizenberg;SAWS;Muizenberg/ SAWS;1988/12/01;17.919;;;;;;;
Muizenberg;SAWS;Muizenberg/ SAWS;1989/01/01;18.21;;;;;;;
Muizenberg;SAWS;Muizenberg/ SAWS;1989/02/01;17.304;;;;;;;
Muizenberg;SAWS;Muizenberg/ SAWS;1989/03/01;17.355;;;;;;;
Muizenberg;SAWS;Muizenberg/ SAWS;1989/04/01;16.133;;;;;;;
Muizenberg;SAWS;Muizenberg/ SAWS;1989/05/01;13.145;;;;;;;
Muizenberg;SAWS;Muizenberg/ SAWS;1989/06/01;12.4;;;;;;;
Muizenberg;SAWS;Muizenberg/ SAWS;1989/07/01;11.726;;;;;;;
Muizenberg;SAWS;Muizenberg/ SAWS;1989/08/01;13.79;;;;;;;
Muizenberg;SAWS;Muizenberg/ SAWS;1989/09/01;15.283;;;;;;;
Muizenberg;SAWS;Muizenberg/ SAWS;1989/10/01;15.855;;;;;;;
Muizenberg;SAWS;Muizenberg/ SAWS;1989/11/01;17.067;;;;;;;
Muizenberg;SAWS;Muizenberg/ SAWS;1989/12/01;18.387;;;;;;;
Muizenberg;SAWS;Muizenberg/ SAWS;1990/01/01;19.403;;;;;;;
Muizenberg;SAWS;Muizenberg/ SAWS;1990/02/01;17.393;;;;;;;
Muizenberg;SAWS;Muizenberg/ SAWS;1990/03/01;15.984;;;;;;;
Muizenberg;SAWS;Muizenberg/ SAWS;1990/04/01;15.733;;;;;;;
Muizenberg;SAWS;Muizenberg/ SAWS;1990/05/01;14.968;;;;;;;
Muizenberg;SAWS;Muizenberg/ SAWS;1990/06/01;13.3;;;;;;;
Muizenberg;SAWS;Muizenberg/ SAWS;1990/07/01;12.065;;;;;;;
Muizenberg;SAWS;Muizenberg/ SAWS;1990/08/01;13.065;;;;;;;
Muizenberg;SAWS;Muizenberg/ SAWS;1990/09/01;14.117;;;;;;;
Muizenberg;SAWS;Muizenberg/ SAWS;1990/10/01;15;;;;;;;
Muizenberg;SAWS;Muizenberg/ SAWS;1990/11/01;17.722;;;;;;;
Muizenberg;SAWS;Muizenberg/ SAWS;1990/12/01;19;;;;;;;
Muizenberg;SAWS;Muizenberg/ SAWS;1991/01/01;19.855;;;;;;;
Muizenberg;SAWS;Muizenberg/ SAWS;1991/02/01;18.857;;;;;;;
Muizenberg;SAWS;Muizenberg/ SAWS;1991/03/01;18.758;;;;;;;
Muizenberg;SAWS;Muizenberg/ SAWS;1991/04/01;17.2;;;;;;;
Muizenberg;SAWS;Muizenberg/ SAWS;1991/05/01;16.145;;;;;;;
Muizenberg;SAWS;Muizenberg/ SAWS;1991/06/01;13.283;;;;;;;
Muizenberg;SAWS;Muizenberg/ SAWS;1991/07/01;13.048;;;;;;;
Muizenberg;SAWS;Muizenberg/ SAWS;1991/08/01;13.468;;;;;;;
Muizenberg;SAWS;Muizenberg/ SAWS;1991/09/01;14.983;;;;;;;
Muizenberg;SAWS;Muizenberg/ SAWS;1991/10/01;17.242;;;;;;;
Muizenberg;SAWS;Muizenberg/ SAWS;1991/11/01;19.117;;;;;;;
Muizenberg;SAWS;Muizenberg/ SAWS;1991/12/01;19.532;;;;;;;
Muizenberg;SAWS;Muizenberg/ SAWS;1992/01/01;19.339;;;;;;;
Muizenberg;SAWS;Muizenberg/ SAWS;1992/02/01;19.466;;;;;;;
Muizenberg;SAWS;Muizenberg/ SAWS;1992/03/01;17.242;;;;;;;
Muizenberg;SAWS;Muizenberg/ SAWS;1992/04/01;12.933;;;;;;;
Muizenberg;SAWS;Muizenberg/ SAWS;1992/05/01;12.194;;;;;;;
Muizenberg;SAWS;Muizenberg/ SAWS;1992/06/01;10.65;;;;;;;
Muizenberg;SAWS;Muizenberg/ SAWS;1992/07/01;10.194;;;;;;;
Muizenberg;SAWS;Muizenberg/ SAWS;1992/08/01;11.017;;;;;;;
Muizenberg;SAWS;Muizenberg/ SAWS;1992/09/01;14.283;;;;;;;
Muizenberg;SAWS;Muizenberg/ SAWS;1992/10/01;14.5;;;;;;;
Muizenberg;SAWS;Muizenberg/ SAWS;1992/11/01;15.583;;;;;;;
Muizenberg;SAWS;Muizenberg/ SAWS;1992/12/01;17.548;;;;;;;
Muizenberg;SAWS;Muizenberg/ SAWS;1993/01/01;18.565;;;;;;;
Muizenberg;SAWS;Muizenberg/ SAWS;1993/02/01;18.214;;;;;;;
Muizenberg;SAWS;Muizenberg/ SAWS;1993/03/01;18.274;;;;;;;
Muizenberg;SAWS;Muizenberg/ SAWS;1993/04/01;15.05;;;;;;;
Muizenberg;SAWS;Muizenberg/ SAWS;1993/05/01;15.177;;;;;;;
Muizenberg;SAWS;Muizenberg/ SAWS;1993/06/01;14.833;;;;;;;
Muizenberg;SAWS;Muizenberg/ SAWS;1993/07/01;14.355;;;;;;;
Muizenberg;SAWS;Muizenberg/ SAWS;1993/08/01;14.323;;;;;;;
Muizenberg;SAWS;Muizenberg/ SAWS;1993/09/01;15.233;;;;;;;
Muizenberg;SAWS;Muizenberg/ SAWS;1993/10/01;15.935;;;;;;;
Muizenberg;SAWS;Muizenberg/ SAWS;1993/11/01;16.9;;;;;;;
Muizenberg;SAWS;Muizenberg/ SAWS;1993/12/01;18.484;;;;;;;
Muizenberg;SAWS;Muizenberg/ SAWS;1994/01/01;17.452;;;;;;;
Muizenberg;SAWS;Muizenberg/ SAWS;1994/02/01;16.75;;;;;;;
Muizenberg;SAWS;Muizenberg/ SAWS;1994/03/01;16.758;;;;;;;
Muizenberg;SAWS;Muizenberg/ SAWS;1994/04/01;14.933;;;;;;;
Muizenberg;SAWS;Muizenberg/ SAWS;1994/05/01;14.194;;;;;;;
Muizenberg;SAWS;Muizenberg/ SAWS;1994/06/01;13.25;;;;;;;
Muizenberg;SAWS;Muizenberg/ SAWS;1994/07/01;12.581;;;;;;;
Muizenberg;SAWS;Muizenberg/ SAWS;1994/08/01;13.452;;;;;;;
Muizenberg;SAWS;Muizenberg/ SAWS;1994/09/01;14.414;;;;;;;
Muizenberg;SAWS;Muizenberg/ SAWS;1994/10/01;15.726;;;;;;;
Muizenberg;SAWS;Muizenberg/ SAWS;1994/11/01;18.033;;;;;;;
Muizenberg;SAWS;Muizenberg/ SAWS;1994/12/01;19.177;;;;;;;
Muizenberg;SAWS;Muizenberg/ SAWS;1995/01/01;19.145;;;;;;;
Muizenberg;SAWS;Muizenberg/ SAWS;1995/02/01;19.196;;;;;;;
Muizenberg;SAWS;Muizenberg/ SAWS;1995/03/01;16.968;;;;;;;
Muizenberg;SAWS;Muizenberg/ SAWS;1995/04/01;14.483;;;;;;;
Muizenberg;SAWS;Muizenberg/ SAWS;1995/05/01;13.032;;;;;;;
Muizenberg;SAWS;Muizenberg/ SAWS;1995/06/01;13.283;;;;;;;
Muizenberg;SAWS;Muizenberg/ SAWS;1995/07/01;12.968;;;;;;;
Muizenberg;SAWS;Muizenberg/ SAWS;1995/08/01;13.548;;;;;;;
Muizenberg;SAWS;Muizenberg/ SAWS;1995/09/01;14.717;;;;;;;
Muizenberg;SAWS;Muizenberg/ SAWS;1995/10/01;15.548;;;;;;;
Muizenberg;SAWS;Muizenberg/ SAWS;1995/11/01;17.933;;;;;;;
Muizenberg;SAWS;Muizenberg/ SAWS;1995/12/01;19.048;;;;;;;
Muizenberg;SAWS;Muizenberg/ SAWS;1996/01/01;18.597;;;;;;;
Muizenberg;SAWS;Muizenberg/ SAWS;1996/02/01;18.379;;;;;;;
Muizenberg;SAWS;Muizenberg/ SAWS;1996/03/01;16.645;;;;;;;
Muizenberg;SAWS;Muizenberg/ SAWS;1996/04/01;14.267;;;;;;;
Muizenberg;SAWS;Muizenberg/ SAWS;1996/05/01;13.677;;;;;;;
Muizenberg;SAWS;Muizenberg/ SAWS;1996/06/01;12.4;;;;;;;
Muizenberg;SAWS;Muizenberg/ SAWS;1996/07/01;12.177;;;;;;;
Muizenberg;SAWS;Muizenberg/ SAWS;1996/08/01;12.629;;;;;;;
Muizenberg;SAWS;Muizenberg/ SAWS;1996/09/01;13.417;;;;;;;
Muizenberg;SAWS;Muizenberg/ SAWS;1996/10/01;15.21;;;;;;;
Muizenberg;SAWS;Muizenberg/ SAWS;1996/11/01;17.117;;;;;;;
Muizenberg;SAWS;Muizenberg/ SAWS;1996/12/01;19.21;;;;;;;
Muizenberg;SAWS;Muizenberg/ SAWS;1997/01/01;19.355;;;;;;;
Muizenberg;SAWS;Muizenberg/ SAWS;1997/02/01;18.607;;;;;;;
Muizenberg;SAWS;Muizenberg/ SAWS;1997/03/01;17.613;;;;;;;
Muizenberg;SAWS;Muizenberg/ SAWS;1997/04/01;15.517;;;;;;;
Muizenberg;SAWS;Muizenberg/ SAWS;1997/05/01;13.355;;;;;;;
Muizenberg;SAWS;Muizenberg/ SAWS;1997/06/01;11.95;;;;;;;
Muizenberg;SAWS;Muizenberg/ SAWS;1997/07/01;11.79;;;;;;;
Muizenberg;SAWS;Muizenberg/ SAWS;1997/08/01;12.532;;;;;;;
Muizenberg;SAWS;Muizenberg/ SAWS;1997/09/01;15.483;;;;;;;
Muizenberg;SAWS;Muizenberg/ SAWS;1997/10/01;17.016;;;;;;;
Muizenberg;SAWS;Muizenberg/ SAWS;1997/11/01;17.45;;;;;;;
Muizenberg;SAWS;Muizenberg/ SAWS;1997/12/01;18.806;;;;;;;
Muizenberg;SAWS;Muizenberg/ SAWS;1998/01/01;18.903;;;;;;;
Muizenberg;SAWS;Muizenberg/ SAWS;1998/02/01;19.304;;;;;;;
Muizenberg;SAWS;Muizenberg/ SAWS;1998/03/01;17.355;;;;;;;
Muizenberg;SAWS;Muizenberg/ SAWS;1998/04/01;16.217;;;;;;;
Muizenberg;SAWS;Muizenberg/ SAWS;1998/05/01;14.161;;;;;;;
Muizenberg;SAWS;Muizenberg/ SAWS;1998/06/01;13.25;;;;;;;
Muizenberg;SAWS;Muizenberg/ SAWS;1998/07/01;11.839;;;;;;;
Muizenberg;SAWS;Muizenberg/ SAWS;1998/08/01;12.726;;;;;;;
Muizenberg;SAWS;Muizenberg/ SAWS;1998/09/01;13.317;;;;;;;
Muizenberg;SAWS;Muizenberg/ SAWS;1998/10/01;14.532;;;;;;;
Muizenberg;SAWS;Muizenberg/ SAWS;1998/11/01;15.6;;;;;;;
Muizenberg;SAWS;Muizenberg/ SAWS;1998/12/01;18.968;;;;;;;
Muizenberg;SAWS;Muizenberg/ SAWS;1999/01/01;20.097;;;;;;;
Muizenberg;SAWS;Muizenberg/ SAWS;1999/02/01;18.875;;;;;;;
Muizenberg;SAWS;Muizenberg/ SAWS;1999/03/01;19.306;;;;;;;
Muizenberg;SAWS;Muizenberg/ SAWS;1999/04/01;19.283;;;;;;;
Muizenberg;SAWS;Muizenberg/ SAWS;1999/05/01;17.145;;;;;;;
Muizenberg;SAWS;Muizenberg/ SAWS;1999/06/01;14.8;;;;;;;
Muizenberg;SAWS;Muizenberg/ SAWS;1999/07/01;14.484;;;;;;;
Muizenberg;SAWS;Muizenberg/ SAWS;1999/08/01;15.694;;;;;;;
Muizenberg;SAWS;Muizenberg/ SAWS;1999/09/01;16.393;;;;;;;
Muizenberg;SAWS;Muizenberg/ SAWS;1999/10/01;19.645;;;;;;;
Muizenberg;SAWS;Muizenberg/ SAWS;1999/11/01;21.414;;;;;;;
Muizenberg;SAWS;Muizenberg/ SAWS;1999/12/01;23;;;;;;;
Muizenberg;SAWS;Muizenberg/ SAWS;2000/01/01;22.597;;;;;;;
Muizenberg;SAWS;Muizenberg/ SAWS;2000/02/01;21.414;;;;;;;
Muizenberg;SAWS;Muizenberg/ SAWS;2000/03/01;20.839;;;;;;;
Muizenberg;SAWS;Muizenberg/ SAWS;2000/04/01;19.1;;;;;;;
Muizenberg;SAWS;Muizenberg/ SAWS;2000/05/01;16.403;;;;;;;
Muizenberg;SAWS;Muizenberg/ SAWS;2000/06/01;14.133;;;;;;;
Muizenberg;SAWS;Muizenberg/ SAWS;2000/07/01;13.935;;;;;;;
Muizenberg;SAWS;Muizenberg/ SAWS;2000/08/01;13.113;;;;;;;
Muizenberg;SAWS;Muizenberg/ SAWS;2000/09/01;13.1;;;;;;;
Muizenberg;SAWS;Muizenberg/ SAWS;2000/10/01;14.613;;;;;;;
Muizenberg;SAWS;Muizenberg/ SAWS;2000/11/01;15.633;;;;;;;
Muizenberg;SAWS;Muizenberg/ SAWS;2000/12/01;18.074;;;;;;;
Muizenberg;SAWS;Muizenberg/ SAWS;2001/01/01;19;;;;;;;
Muizenberg;SAWS;Muizenberg/ SAWS;2001/02/01;17.768;;;;;;;
Muizenberg;SAWS;Muizenberg/ SAWS;2001/03/01;17.855;;;;;;;
Muizenberg;SAWS;Muizenberg/ SAWS;2001/04/01;15.617;;;;;;;
Muizenberg;SAWS;Muizenberg/ SAWS;2001/05/01;12.935;;;;;;;
Muizenberg;SAWS;Muizenberg/ SAWS;2001/06/01;11.6;;;;;;;
Muizenberg;SAWS;Muizenberg/ SAWS;2001/07/01;10.758;;;;;;;
Muizenberg;SAWS;Muizenberg/ SAWS;2001/08/01;11;;;;;;;
Muizenberg;SAWS;Muizenberg/ SAWS;2001/09/01;11.667;;;;;;;
Muizenberg;SAWS;Muizenberg/ SAWS;2001/10/01;14;;;;;;;
Muizenberg;SAWS;Muizenberg/ SAWS;2001/11/01;16.983;;;;;;;
Muizenberg;SAWS;Muizenberg/ SAWS;2001/12/01;18.731;;;;;;;
Muizenberg;SAWS;Muizenberg/ SAWS;2002/01/01;19.333;;;;;;;
Muizenberg;SAWS;Muizenberg/ SAWS;2002/02/01;18.143;;;;;;;
Muizenberg;SAWS;Muizenberg/ SAWS;2002/03/01;18.768;;;;;;;
Muizenberg;SAWS;Muizenberg/ SAWS;2002/04/01;16.15;;;;;;;
Muizenberg;SAWS;Muizenberg/ SAWS;2002/05/01;13.371;;;;;;;
Muizenberg;SAWS;Muizenberg/ SAWS;2002/06/01;10.817;;;;;;;
Muizenberg;SAWS;Muizenberg/ SAWS;2002/07/01;10.817;;;;;;;
Muizenberg;SAWS;Muizenberg/ SAWS;2002/08/01;12.242;;;;;;;
Muizenberg;SAWS;Muizenberg/ SAWS;2002/09/01;13.717;;;;;;;
Muizenberg;SAWS;Muizenberg/ SAWS;2002/10/01;15.339;;;;;;;
Muizenberg;SAWS;Muizenberg/ SAWS;2002/11/01;16.433;;;;;;;
Muizenberg;SAWS;Muizenberg/ SAWS;2002/12/01;19.645;;;;;;;
Muizenberg;SAWS;Muizenberg/ SAWS;2003/01/01;20.194;;;;;;;
Muizenberg;SAWS;Muizenberg/ SAWS;2003/02/01;20.321;;;;;;;
Muizenberg;SAWS;Muizenberg/ SAWS;2003/03/01;18.758;;;;;;;
Muizenberg;SAWS;Muizenberg/ SAWS;2003/04/01;17.05;;;;;;;
Muizenberg;SAWS;Muizenberg/ SAWS;2003/05/01;14.742;;;;;;;
Muizenberg;SAWS;Muizenberg/ SAWS;2003/06/01;11.983;;;;;;;
Muizenberg;SAWS;Muizenberg/ SAWS;2003/07/01;11.226;;;;;;;
Muizenberg;SAWS;Muizenberg/ SAWS;2003/08/01;11.065;;;;;;;
Muizenberg;SAWS;Muizenberg/ SAWS;2003/09/01;13.367;;;;;;;
Muizenberg;SAWS;Muizenberg/ SAWS;2003/10/01;15.79;;;;;;;
Muizenberg;SAWS;Muizenberg/ SAWS;2003/11/01;17.714;;;;;;;
Muizenberg;SAWS;Muizenberg/ SAWS;2003/12/01;18.306;;;;;;;
Muizenberg;SAWS;Muizenberg/ SAWS;2004/01/01;19.29;;;;;;;
Muizenberg;SAWS;Muizenberg/ SAWS;2004/02/01;18.75;;;;;;;
Muizenberg;SAWS;Muizenberg/ SAWS;2004/03/01;17.21;;;;;;;
Muizenberg;SAWS;Muizenberg/ SAWS;2004/04/01;15.817;;;;;;;
Muizenberg;SAWS;Muizenberg/ SAWS;2004/05/01;14.355;;;;;;;
Muizenberg;SAWS;Muizenberg/ SAWS;2004/06/01;12.967;;;;;;;
Muizenberg;SAWS;Muizenberg/ SAWS;2004/07/01;11.742;;;;;;;
Muizenberg;SAWS;Muizenberg/ SAWS;2004/08/01;12.267;;;;;;;
Muizenberg;SAWS;Muizenberg/ SAWS;2004/09/01;14.5;;;;;;;
Muizenberg;SAWS;Muizenberg/ SAWS;2004/10/01;15.645;;;;;;;
Muizenberg;SAWS;Muizenberg/ SAWS;2004/11/01;19.15;;;;;;;
Muizenberg;SAWS;Muizenberg/ SAWS;2004/12/01;20.75;;;;;;;
Muizenberg;SAWS;Muizenberg/ SAWS;2005/01/01;19.645;;;;;;;
Muizenberg;SAWS;Muizenberg/ SAWS;2005/02/01;18.857;;;;;;;
Muizenberg;SAWS;Muizenberg/ SAWS;2005/03/01;18.226;;;;;;;
Muizenberg;SAWS;Muizenberg/ SAWS;2005/04/01;15.8;;;;;;;
Muizenberg;SAWS;Muizenberg/ SAWS;2005/05/01;13.793;;;;;;;
Muizenberg;SAWS;Muizenberg/ SAWS;2005/06/01;12.133;;;;;;;
Muizenberg;SAWS;Muizenberg/ SAWS;2005/07/01;12.95;;;;;;;
Muizenberg;SAWS;Muizenberg/ SAWS;2005/08/01;11.839;;;;;;;
Muizenberg;SAWS;Muizenberg/ SAWS;2005/09/01;13.833;;;;;;;
Muizenberg;SAWS;Muizenberg/ SAWS;2005/10/01;16.117;;;;;;;
Muizenberg;SAWS;Muizenberg/ SAWS;2005/11/01;17.717;;;;;;;
Muizenberg;SAWS;Muizenberg/ SAWS;2005/12/01;18.403;;;;;;;
Muizenberg;SAWS;Muizenberg/ SAWS;2006/01/01;19.65;;;;;;;
Muizenberg;SAWS;Muizenberg/ SAWS;2006/02/01;18.714;;;;;;;
Muizenberg;SAWS;Muizenberg/ SAWS;2006/03/01;17.258;;;;;;;
Muizenberg;SAWS;Muizenberg/ SAWS;2006/04/01;15.467;;;;;;;
Muizenberg;SAWS;Muizenberg/ SAWS;2006/05/01;12.855;;;;;;;
Muizenberg;SAWS;Muizenberg/ SAWS;2006/06/01;12.2;;;;;;;
Muizenberg;SAWS;Muizenberg/ SAWS;2006/07/01;12.081;;;;;;;
Muizenberg;SAWS;Muizenberg/ SAWS;2006/08/01;12.242;;;;;;;
Muizenberg;SAWS;Muizenberg/ SAWS;2006/09/01;13.6;;;;;;;
Muizenberg;SAWS;Muizenberg/ SAWS;2006/10/01;15.389;;;;;;;
Muizenberg;SAWS;Muizenberg/ SAWS;2006/11/01;17.8;;;;;;;
Muizenberg;SAWS;Muizenberg/ SAWS;2006/12/01;19.259;;;;;;;
Muizenberg;SAWS;Muizenberg/ SAWS;2007/01/01;20.371;;;;;;;
Muizenberg;SAWS;Muizenberg/ SAWS;2007/02/01;19.589;;;;;;;
Muizenberg;SAWS;Muizenberg/ SAWS;2007/03/01;18.677;;;;;;;
Muizenberg;SAWS;Muizenberg/ SAWS;2007/04/01;16.519;;;;;;;
Muizenberg;SAWS;Muizenberg/ SAWS;2007/05/01;11.929;;;;;;;
Muizenberg;SAWS;Muizenberg/ SAWS;2007/06/01;0;;;;;;;
Muizenberg;SAWS;Muizenberg/ SAWS;2007/07/01;12.4;;;;;;;
Muizenberg;SAWS;Muizenberg/ SAWS;2007/08/01;12.567;;;;;;;
Muizenberg;SAWS;Muizenberg/ SAWS;2007/09/01;14.667;;;;;;;
Muizenberg;SAWS;Muizenberg/ SAWS;2007/10/01;0;;;;;;;
Muizenberg;SAWS;Muizenberg/ SAWS;2007/11/01;16.913;;;;;;;
Muizenberg;SAWS;Muizenberg/ SAWS;2007/12/01;17.583;;;;;;;
Muizenberg;SAWS;Muizenberg/ SAWS;2008/01/01;18.855;;;;;;;
Muizenberg;SAWS;Muizenberg/ SAWS;2008/02/01;18.534;;;;;;;
Muizenberg;SAWS;Muizenberg/ SAWS;2008/03/01;17.903;;;;;;;
Muizenberg;SAWS;Muizenberg/ SAWS;2008/04/01;14.967;;;;;;;
Muizenberg;SAWS;Muizenberg/ SAWS;2008/05/01;14.774;;;;;;;
Muizenberg;SAWS;Muizenberg/ SAWS;2008/06/01;12.4;;;;;;;
Muizenberg;SAWS;Muizenberg/ SAWS;2008/07/01;11.694;;;;;;;
Muizenberg;SAWS;Muizenberg/ SAWS;2008/08/01;12.097;;;;;;;
Muizenberg;SAWS;Muizenberg/ SAWS;2008/09/01;11.883;;;;;;;
Muizenberg;SAWS;Muizenberg/ SAWS;2008/10/01;15.391;;;;;;;
Muizenberg;SAWS;Muizenberg/ SAWS;2008/11/01;17.233;;;;;;;
Muizenberg;SAWS;Muizenberg/ SAWS;2008/12/01;18.452;;;;;;;
Muizenberg;SAWS;Muizenberg/ SAWS;2009/01/01;19.259;;;;;;;
Muizenberg;SAWS;Muizenberg/ SAWS;2009/02/01;19.304;;;;;;;
Muizenberg;SAWS;Muizenberg/ SAWS;2009/03/01;18.177;;;;;;;
Muizenberg;SAWS;Muizenberg/ SAWS;2009/04/01;15.317;;;;;;;
Muizenberg;SAWS;Muizenberg/ SAWS;2009/05/01;14.538;;;;;;;
Muizenberg;SAWS;Muizenberg/ SAWS;2009/06/01;13.9;;;;;;;
Muizenberg;SAWS;Muizenberg/ SAWS;2009/07/01;14.143;;;;;;;
Muizenberg;SAWS;Muizenberg/ SAWS;2009/08/01;13.2;;;;;;;
Muizenberg;SAWS;Muizenberg/ SAWS;2009/09/01;12.413;;;;;;;
Muizenberg;SAWS;Muizenberg/ SAWS;2009/10/01;16.261;;;;;;;
Muizenberg;SAWS;Muizenberg/ SAWS;2009/11/01;16.36;;;;;;;
Muizenberg;SAWS;Muizenberg/ SAWS;2009/12/01;17.177;;;;;;;
Muizenberg;SAWS;Muizenberg/ SAWS;2010/01/01;18.532;;;;;;;
Muizenberg;SAWS;Muizenberg/ SAWS;2010/02/01;19.625;;;;;;;
Muizenberg;SAWS;Muizenberg/ SAWS;2010/03/01;17.387;;;;;;;
Muizenberg;SAWS;Muizenberg/ SAWS;2010/04/01;15;;;;;;;
Muizenberg;SAWS;Muizenberg/ SAWS;2010/05/01;13.037;;;;;;;
Muizenberg;SAWS;Muizenberg/ SAWS;2010/06/01;11.317;;;;;;;
Muizenberg;SAWS;Muizenberg/ SAWS;2010/07/01;10.774;;;;;;;
Muizenberg;SAWS;Muizenberg/ SAWS;2010/08/01;11.871;;;;;;;
Muizenberg;SAWS;Muizenberg/ SAWS;2010/09/01;13.673;;;;;;;
Muizenberg;SAWS;Muizenberg/ SAWS;2010/10/01;15.481;;;;;;;
Muizenberg;SAWS;Muizenberg/ SAWS;2010/11/01;16.867;;;;;;;
Muizenberg;SAWS;Muizenberg/ SAWS;2010/12/01;17.806;;;;;;;
Muizenberg;SAWS;Muizenberg/ SAWS;2011/01/01;18.597;;;;;;;
Muizenberg;SAWS;Muizenberg/ SAWS;2011/02/01;19.161;;;;;;;
Muizenberg;SAWS;Muizenberg/ SAWS;2011/03/01;17.952;;;;;;;
Muizenberg;SAWS;Muizenberg/ SAWS;2011/04/01;16.018;;;;;;;
Muizenberg;SAWS;Muizenberg/ SAWS;2011/05/01;13.452;;;;;;;
Muizenberg;SAWS;Muizenberg/ SAWS;2011/06/01;11.85;;;;;;;
Muizenberg;SAWS;Muizenberg/ SAWS;2011/07/01;11.613;;;;;;;
Muizenberg;SAWS;Muizenberg/ SAWS;2011/08/01;11.887;;;;;;;
Muizenberg;SAWS;Muizenberg/ SAWS;2011/09/01;13.411;;;;;;;
Muizenberg;SAWS;Muizenberg/ SAWS;2011/10/01;15.75;;;;;;;
Muizenberg;SAWS;Muizenberg/ SAWS;2011/11/01;16.534;;;;;;;
Muizenberg;SAWS;Muizenberg/ SAWS;2011/12/01;18.581;;;;;;;
Muizenberg;SAWS;Muizenberg/ SAWS;2012/01/01;21.129;;;;;;;
Muizenberg;SAWS;Muizenberg/ SAWS;2012/02/01;19.483;;;;;;;
Muizenberg;SAWS;Muizenberg/ SAWS;2012/03/01;18.883;;;;;;;
Muizenberg;SAWS;Muizenberg/ SAWS;2012/04/01;15.667;;;;;;;
Muizenberg;SAWS;Muizenberg/ SAWS;2012/05/01;13.919;;;;;;;
Muizenberg;SAWS;Muizenberg/ SAWS;2012/06/01;12.7;;;;;;;
Muizenberg;SAWS;Muizenberg/ SAWS;2012/07/01;11.806;;;;;;;
Muizenberg;SAWS;Muizenberg/ SAWS;2012/08/01;11.742;;;;;;;
Muizenberg;SAWS;Muizenberg/ SAWS;2012/09/01;13.167;;;;;;;
Muizenberg;SAWS;Muizenberg/ SAWS;2012/10/01;14.806;;;;;;;
Muizenberg;SAWS;Muizenberg/ SAWS;2012/11/01;17.967;;;;;;;
Muizenberg;SAWS;Muizenberg/ SAWS;2012/12/01;19.479;;;;;;;
Muizenberg;SAWS;Muizenberg/ SAWS;2013/01/01;19.483;;;;;;;
Muizenberg;SAWS;Muizenberg/ SAWS;2013/02/01;18.982;;;;;;;
Muizenberg;SAWS;Muizenberg/ SAWS;2013/03/01;18.339;;;;;;;
Muizenberg;SAWS;Muizenberg/ SAWS;2013/04/01;15.683;;;;;;;
Muizenberg;SAWS;Muizenberg/ SAWS;2013/05/01;14.362;;;;;;;
Muizenberg;SAWS;Muizenberg/ SAWS;2013/06/01;12.217;;;;;;;
Muizenberg;SAWS;Muizenberg/ SAWS;2013/07/01;12.419;;;;;;;
Muizenberg;SAWS;Muizenberg/ SAWS;2013/08/01;12.383;;;;;;;
Muizenberg;SAWS;Muizenberg/ SAWS;2013/09/01;13.773;;;;;;;
Muizenberg;SAWS;Muizenberg/ SAWS;2013/10/01;14.795;;;;;;;
Muizenberg;SAWS;Muizenberg/ SAWS;2013/11/01;17.317;;;;;;;
Muizenberg;SAWS;Muizenberg/ SAWS;2013/12/01;18.661;;;;;;;
Muizenberg;SAWS;Muizenberg/ SAWS;2014/01/01;20.067;;;;;;;
Muizenberg;SAWS;Muizenberg/ SAWS;2014/02/01;19.768;;;;;;;
Muizenberg;SAWS;Muizenberg/ SAWS;2014/03/01;17.629;;;;;;;
Muizenberg;SAWS;Muizenberg/ SAWS;2014/04/01;16.65;;;;;;;
Muizenberg;SAWS;Muizenberg/ SAWS;2014/05/01;13.917;;;;;;;
Muizenberg;SAWS;Muizenberg/ SAWS;2014/06/01;11.827;;;;;;;
Muizenberg;SAWS;Muizenberg/ SAWS;2014/07/01;11.966;;;;;;;
Muizenberg;SAWS;Muizenberg/ SAWS;2014/08/01;13.065;;;;;;;
Muizenberg;SAWS;Muizenberg/ SAWS;2014/09/01;13.688;;;;;;;
Muizenberg;SAWS;Muizenberg/ SAWS;2014/10/01;15.589;;;;;;;
Muizenberg;SAWS;Muizenberg/ SAWS;2014/11/01;17.15;;;;;;;
Muizenberg;SAWS;Muizenberg/ SAWS;2014/12/01;18.645;;;;;;;
Muizenberg;SAWS;Muizenberg/ SAWS;2015/01/01;20.067;;;;;;;
Muizenberg;SAWS;Muizenberg/ SAWS;2015/02/01;17.643;;;;;;;
Muizenberg;SAWS;Muizenberg/ SAWS;2015/03/01;15.71;;;;;;;
Muizenberg;SAWS;Muizenberg/ SAWS;2015/04/01;13.417;;;;;;;
Muizenberg;SAWS;Muizenberg/ SAWS;2015/05/01;12;;;;;;;
Muizenberg;SAWS;Muizenberg/ SAWS;2015/06/01;11.117;;;;;;;
Muizenberg;SAWS;Muizenberg/ SAWS;2015/07/01;10.848;;;;;;;
Muizenberg;SAWS;Muizenberg/ SAWS;2015/08/01;12.071;;;;;;;
Muizenberg;SAWS;Muizenberg/ SAWS;2015/09/01;14.232;;;;;;;
Muizenberg;SAWS;Muizenberg/ SAWS;2015/10/01;16.7;;;;;;;
Muizenberg;SAWS;Muizenberg/ SAWS;2015/11/01;17.135;;;;;;;
Muizenberg;SAWS;Muizenberg/ SAWS;2015/12/01;19.643;;;;;;;
Muizenberg;SAWS;Muizenberg/ SAWS;2016/01/01;18.845;;;;;;;
Muizenberg;SAWS;Muizenberg/ SAWS;2016/02/01;18.759;;;;MEAN;KNYSNA;Port Nolloth ;Muizenberg 
Knys0;SAWS;Knys0/ SAWS;1972/01/01;22.919;;;;JAN;#DIV/0!;14;19
Knys0;SAWS;Knys0/ SAWS;1972/02/01;21.017;;;;FEB;19;14;#DIV/0!
Knys0;SAWS;Knys0/ SAWS;1972/03/01;17.823;;;;MAR;0;#DIV/0!;#DIV/0!
Knys0;SAWS;Knys0/ SAWS;1972/04/01;18.65;;;;APR;9;9;15,5
Knys0;SAWS;Knys0/ SAWS;1972/05/01;16.532;;;;MAY;3,555555556;13;12
Knys0;SAWS;Knys0/ SAWS;1972/06/01;15.828;;;;JUN;9;#DIV/0!;0
Knys0;SAWS;Knys0/ SAWS;1972/07/01;14.533;;;;JUL;0;6;#DIV/0!
Knys0;SAWS;Knys0/ SAWS;1972/08/01;14.383;;;;AUG;7,5;#DIV/0!;11
Knys0;SAWS;Knys0/ SAWS;1972/09/01;14.793;;;;SEP;8;6;#DIV/0!
Knys0;SAWS;Knys0/ SAWS;1972/10/01;16.661;;;;OCT;8;0;9,666666667
Knys0;SAWS;Knys0/ SAWS;1972/11/01;15.1;;;;NOV;14,25;5,5;#DIV/0!
Knys0;SAWS;Knys0/ SAWS;1972/12/01;18.29;;;;DEC;5;0;21
Knys0;SAWS;Knys0/ SAWS;1973/01/01;16.484;;;;;;;
Knys0;SAWS;Knys0/ SAWS;1973/02/01;15.54;;;;;;;
Knys0;SAWS;Knys0/ SAWS;1973/03/01;18.484;;;;;;;
Knys0;SAWS;Knys0/ SAWS;1973/04/01;13.685;;;;;;;
Knys0;SAWS;Knys0/ SAWS;1973/05/01;14.833;;;;;;;
Knys0;SAWS;Knys0/ SAWS;1973/06/01;15.8;;;;;;;
Knys0;SAWS;Knys0/ SAWS;1973/07/01;14.694;;;;;;;
Knys0;SAWS;Knys0/ SAWS;1973/08/01;13.823;;;;;;;
Knys0;SAWS;Knys0/ SAWS;1973/09/01;14.467;;;;;;;
Knys0;SAWS;Knys0/ SAWS;1973/10/01;15.452;;;;;;;
Knys0;SAWS;Knys0/ SAWS;1973/11/01;16.75;;;;;;;
Knys0;SAWS;Knys0/ SAWS;1973/12/01;18.021;;;;;;;
Knys0;SAWS;Knys0/ SAWS;1974/01/01;19.667;;;;;;;
Knys0;SAWS;Knys0/ SAWS;1974/02/01;19.589;;;;;;;
Knys0;SAWS;Knys0/ SAWS;1974/03/01;15.484;;;;;;;
Knys0;SAWS;Knys0/ SAWS;1974/04/01;14.283;;;;;;;
Knys0;SAWS;Knys0/ SAWS;1974/05/01;14.597;;;;;;;
Knys0;SAWS;Knys0/ SAWS;1974/06/01;13.467;;;;;;;
Knys0;SAWS;Knys0/ SAWS;1974/07/01;14.435;;;;;;;
Knys0;SAWS;Knys0/ SAWS;1974/08/01;15.21;;;;;;;
Knys0;SAWS;Knys0/ SAWS;1974/09/01;15.583;;;;;;;
Knys0;SAWS;Knys0/ SAWS;1974/10/01;17.694;;;;;;;
Knys0;SAWS;Knys0/ SAWS;1974/11/01;18.967;;;;;;;
Knys0;SAWS;Knys0/ SAWS;1974/12/01;20.371;;;;;;;
Knys0;SAWS;Knys0/ SAWS;1975/01/01;20.968;;;;;;;
Knys0;SAWS;Knys0/ SAWS;1975/02/01;17.405;;;;;;;
Knys0;SAWS;Knys0/ SAWS;1975/03/01;18.403;;;;;;;
Knys0;SAWS;Knys0/ SAWS;1975/04/01;18.1;;;;;;;
Knys0;SAWS;Knys0/ SAWS;1975/05/01;16.5;;;;;;;
Knys0;SAWS;Knys0/ SAWS;1975/06/01;16.117;;;;;;;
Knys0;SAWS;Knys0/ SAWS;1975/07/01;14.903;;;;;;;
Knys0;SAWS;Knys0/ SAWS;1975/08/01;14.855;;;;;;;
Knys0;SAWS;Knys0/ SAWS;1975/09/01;15.833;;;;;;;
Knys0;SAWS;Knys0/ SAWS;1975/10/01;16.438;;;;;;;
Knys0;SAWS;Knys0/ SAWS;1975/11/01;18.45;;;;;;;
Knys0;SAWS;Knys0/ SAWS;1975/12/01;18.396;;;;;;;
Knys0;SAWS;Knys0/ SAWS;1976/01/01;19.548;;;;;;;
Knys0;SAWS;Knys0/ SAWS;1976/02/01;18.933;;;;;;;
Knys0;SAWS;Knys0/ SAWS;1976/03/01;19.984;;;;;;;
Knys0;SAWS;Knys0/ SAWS;1976/04/01;18.656;;;;;;;
Knys0;SAWS;Knys0/ SAWS;1976/05/01;16.984;;;;;;;
Knys0;SAWS;Knys0/ SAWS;1976/06/01;14.067;;;;;;;
Knys0;SAWS;Knys0/ SAWS;1976/07/01;14.113;;;;;;;
Knys0;SAWS;Knys0/ SAWS;1976/08/01;15.042;;;;;;;
Knys0;SAWS;Knys0/ SAWS;1976/09/01;15.739;;;;;;;
Knys0;SAWS;Knys0/ SAWS;1976/10/01;16.661;;;;;;;
Knys0;SAWS;Knys0/ SAWS;1976/11/01;17.767;;;;;;;
Knys0;SAWS;Knys0/ SAWS;1976/12/01;19.839;;;;;;;
Knys0;SAWS;Knys0/ SAWS;1977/01/01;22.048;;;;;;;
Knys0;SAWS;Knys0/ SAWS;1977/02/01;20.42;;;;;;;
Knys0;SAWS;Knys0/ SAWS;1977/03/01;19.296;;;;;;;
Knys0;SAWS;Knys0/ SAWS;1977/04/01;19.318;;;;;;;
Knys0;SAWS;Knys0/ SAWS;1977/05/01;16.34;;;;;;;
Knys0;SAWS;Knys0/ SAWS;1977/06/01;16.396;;;;;;;
Knys0;SAWS;Knys0/ SAWS;1977/07/01;15.326;;;;;;;
Knys0;SAWS;Knys0/ SAWS;1977/08/01;14.548;;;;;;;
Knys0;SAWS;Knys0/ SAWS;1977/09/01;15.75;;;;;;;
Knys0;SAWS;Knys0/ SAWS;1977/10/01;18.059;;;;;;;
Knys0;SAWS;Knys0/ SAWS;1977/11/01;19;;;;;;;
Knys0;SAWS;Knys0/ SAWS;1977/12/01;20.283;;;;;;;
Knys0;SAWS;Knys0/ SAWS;1978/01/01;21.065;;;;;;;
Knys0;SAWS;Knys0/ SAWS;1978/02/01;21.446;;;;;;;
Knys0;SAWS;Knys0/ SAWS;1978/03/01;20.771;;;;;;;
Knys0;SAWS;Knys0/ SAWS;1978/04/01;15.957;;;;;;;
Knys0;SAWS;Knys0/ SAWS;1978/05/01;15.194;;;;;;;
Knys0;SAWS;Knys0/ SAWS;1978/06/01;15.656;;;;;;;
Knys0;SAWS;Knys0/ SAWS;1978/07/01;13.806;;;;;;;
Knys0;SAWS;Knys0/ SAWS;1978/08/01;14.016;;;;;;;
Knys0;SAWS;Knys0/ SAWS;1978/09/01;14.883;;;;;;;
Knys0;SAWS;Knys0/ SAWS;1978/10/01;15.839;;;;;;;
Knys0;SAWS;Knys0/ SAWS;1978/11/01;18.833;;;;;;;
Knys0;SAWS;Knys0/ SAWS;1978/12/01;20.676;;;;;;;
Knys0;SAWS;Knys0/ SAWS;1979/01/01;19.226;;;;;;;
Knys0;SAWS;Knys0/ SAWS;1979/02/01;20.696;;;;;;;
Knys0;SAWS;Knys0/ SAWS;1979/03/01;19.542;;;;;;;
Knys0;SAWS;Knys0/ SAWS;1979/04/01;19.167;;;;;;;
Knys0;SAWS;Knys0/ SAWS;1979/05/01;16.774;;;;;;;
Knys0;SAWS;Knys0/ SAWS;1979/06/01;14.467;;;;;;;
Knys0;SAWS;Knys0/ SAWS;1979/07/01;13.71;;;;;;;
Knys0;SAWS;Knys0/ SAWS;1979/08/01;13.516;;;;;;;
Knys0;SAWS;Knys0/ SAWS;1979/09/01;14.783;;;;;;;
Knys0;SAWS;Knys0/ SAWS;1979/10/01;16.581;;;;;;;
Knys0;SAWS;Knys0/ SAWS;1979/11/01;17.63;;;;;;;
Knys0;SAWS;Knys0/ SAWS;1979/12/01;20.667;;;;;;;
Knys0;SAWS;Knys0/ SAWS;1980/01/01;20.855;;;;;;;
Knys0;SAWS;Knys0/ SAWS;1980/02/01;20.017;;;;;;;
Knys0;SAWS;Knys0/ SAWS;1980/03/01;19.161;;;;;;;
Knys0;SAWS;Knys0/ SAWS;1980/04/01;18.727;;;;;;;
Knys0;SAWS;Knys0/ SAWS;1980/05/01;17.806;;;;;;;
Knys0;SAWS;Knys0/ SAWS;1980/06/01;16.1;;;;;;;
Knys0;SAWS;Knys0/ SAWS;1980/07/01;15.339;;;;;;;
Knys0;SAWS;Knys0/ SAWS;1980/08/01;15.534;;;;;;;
Knys0;SAWS;Knys0/ SAWS;1980/09/01;15.88;;;;;;;
Knys0;SAWS;Knys0/ SAWS;1980/10/01;17;;;;;;;
Knys0;SAWS;Knys0/ SAWS;1980/11/01;18.017;;;;;;;
Knys0;SAWS;Knys0/ SAWS;1980/12/01;20.458;;;;;;;
Knys0;SAWS;Knys0/ SAWS;1981/01/01;20.792;;;;;;;
Knys0;SAWS;Knys0/ SAWS;1981/02/01;19.446;;;;;;;
Knys0;SAWS;Knys0/ SAWS;1981/03/01;19.583;;;;;;;
Knys0;SAWS;Knys0/ SAWS;1981/04/01;19.391;;;;;;;
Knys0;SAWS;Knys0/ SAWS;1981/05/01;16.364;;;;;;;
Knys0;SAWS;Knys0/ SAWS;1981/06/01;14.617;;;;;;;
Knys0;SAWS;Knys0/ SAWS;1981/07/01;14.887;;;;;;;
Knys0;SAWS;Knys0/ SAWS;1981/08/01;14.446;;;;;;;
Knys0;SAWS;Knys0/ SAWS;1981/09/01;15.75;;;;;;;
Knys0;SAWS;Knys0/ SAWS;1981/10/01;17.452;;;;;;;
Knys0;SAWS;Knys0/ SAWS;1981/11/01;19.067;;;;;;;
Knys0;SAWS;Knys0/ SAWS;1981/12/01;19.217;;;;;;;
Knys0;SAWS;Knys0/ SAWS;1982/01/01;22.133;;;;;;;
Knys0;SAWS;Knys0/ SAWS;1982/02/01;21.5;;;;;;;
Knys0;SAWS;Knys0/ SAWS;1982/03/01;19.323;;;;;;;
Knys0;SAWS;Knys0/ SAWS;1982/04/01;16.633;;;;;;;
Knys0;SAWS;Knys0/ SAWS;1982/05/01;16.145;;;;;;;
Knys0;SAWS;Knys0/ SAWS;1982/06/01;16.66;;;;;;;
Knys0;SAWS;Knys0/ SAWS;1982/07/01;14.25;;;;;;;
Knys0;SAWS;Knys0/ SAWS;1982/08/01;14.6;;;;;;;
Knys0;SAWS;Knys0/ SAWS;1982/09/01;14.975;;;;;;;
Knys0;SAWS;Knys0/ SAWS;1982/10/01;16.887;;;;;;;
Knys0;SAWS;Knys0/ SAWS;1982/11/01;18.9;;;;;;;
Knys0;SAWS;Knys0/ SAWS;1982/12/01;20.625;;;;;;;
Knys0;SAWS;Knys0/ SAWS;1983/01/01;22.9;;;;;;;
Knys0;SAWS;Knys0/ SAWS;1983/02/01;22.096;;;;;;;
Knys0;SAWS;Knys0/ SAWS;1983/03/01;21.419;;;;;;;
Knys0;SAWS;Knys0/ SAWS;1983/04/01;18.652;;;;;;;
Knys0;SAWS;Knys0/ SAWS;1983/05/01;16.516;;;;;;;
Knys0;SAWS;Knys0/ SAWS;1983/06/01;15.117;;;;;;;
Knys0;SAWS;Knys0/ SAWS;1983/07/01;14.194;;;;;;;
Knys0;SAWS;Knys0/ SAWS;1983/08/01;14.816;;;;;;;
Knys0;SAWS;Knys0/ SAWS;1983/09/01;15.911;;;;;;;
Knys0;SAWS;Knys0/ SAWS;1983/10/01;16.645;;;;;;;
Knys0;SAWS;Knys0/ SAWS;1983/11/01;19.367;;;;;;;
Knys0;SAWS;Knys0/ SAWS;1983/12/01;21.597;;;;;;;
Knys0;SAWS;Knys0/ SAWS;1984/01/01;18.532;;;;;;;
Knys0;SAWS;Knys0/ SAWS;1984/02/01;19.862;;;;;;;
Knys0;SAWS;Knys0/ SAWS;1984/03/01;16.6;;;;;;;
Knys0;SAWS;Knys0/ SAWS;1984/04/01;15.792;;;;;;;
Knys0;SAWS;Knys0/ SAWS;1984/05/01;16.258;;;;;;;
Knys0;SAWS;Knys0/ SAWS;1984/06/01;15.569;;;;;;;
Knys0;SAWS;Knys0/ SAWS;1984/07/01;15.468;;;;;;;
Knys0;SAWS;Knys0/ SAWS;1984/08/01;14.113;;;;;;;
Knys0;SAWS;Knys0/ SAWS;1984/09/01;15.833;;;;;;;
Knys0;SAWS;Knys0/ SAWS;1984/10/01;17.016;;;;;;;
Knys0;SAWS;Knys0/ SAWS;1984/11/01;16.833;;;;;;;
Knys0;SAWS;Knys0/ SAWS;1984/12/01;18.903;;;;;;;
Knys0;SAWS;Knys0/ SAWS;1985/01/01;21.136;;;;;;;
Knys0;SAWS;Knys0/ SAWS;1985/02/01;19.268;;;;;;;
Knys0;SAWS;Knys0/ SAWS;1985/03/01;20.161;;;;;;;
Knys0;SAWS;Knys0/ SAWS;1985/04/01;19.117;;;;;;;
Knys0;SAWS;Knys0/ SAWS;1985/05/01;16.742;;;;;;;
Knys0;SAWS;Knys0/ SAWS;1985/06/01;15.683;;;;;;;
Knys0;SAWS;Knys0/ SAWS;1985/07/01;14.537;;;;;;;
Knys0;SAWS;Knys0/ SAWS;1985/08/01;14.903;;;;;;;
Knys0;SAWS;Knys0/ SAWS;1985/09/01;16.183;;;;;;;
Knys0;SAWS;Knys0/ SAWS;1985/10/01;17.694;;;;;;;
Knys0;SAWS;Knys0/ SAWS;1985/11/01;17.367;;;;;;;
Knys0;SAWS;Knys0/ SAWS;1985/12/01;17.8;;;;;;;
Knys0;SAWS;Knys0/ SAWS;1986/01/01;20.274;;;;;;;
Knys0;SAWS;Knys0/ SAWS;1986/02/01;20.054;;;;;;;
Knys0;SAWS;Knys0/ SAWS;1986/03/01;18.403;;;;;;;
Knys0;SAWS;Knys0/ SAWS;1986/04/01;18.724;;;;;;;
Knys0;SAWS;Knys0/ SAWS;1986/05/01;17.161;;;;;;;
Knys0;SAWS;Knys0/ SAWS;1986/06/01;16.367;;;;;;;
Knys0;SAWS;Knys0/ SAWS;1986/07/01;14.919;;;;;;;
Knys0;SAWS;Knys0/ SAWS;1986/08/01;15.419;;;;;;;
Knys0;SAWS;Knys0/ SAWS;1986/09/01;16.217;;;;;;;
Knys0;SAWS;Knys0/ SAWS;1986/10/01;16.952;;;;;;;
Knys0;SAWS;Knys0/ SAWS;1986/11/01;17.983;;;;;;;
Knys0;SAWS;Knys0/ SAWS;1986/12/01;19.048;;;;;;;
Knys0;SAWS;Knys0/ SAWS;1987/01/01;20.452;;;;;;;
Knys0;SAWS;Knys0/ SAWS;1987/02/01;22.179;;;;;;;
Knys0;SAWS;Knys0/ SAWS;1987/03/01;20.02;;;;;;;
Knys0;SAWS;Knys0/ SAWS;1987/04/01;18.783;;;;;;;
Knys0;SAWS;Knys0/ SAWS;1987/05/01;17.389;;;;;;;
Knys0;SAWS;Knys0/ SAWS;1987/06/01;15.071;;;;;;;
Knys0;SAWS;Knys0/ SAWS;1987/07/01;15.226;;;;;;;
Knys0;SAWS;Knys0/ SAWS;1987/08/01;15.516;;;;;;;
Knys0;SAWS;Knys0/ SAWS;1987/09/01;15.817;;;;;;;
Knys0;SAWS;Knys0/ SAWS;1987/10/01;16.613;;;;;;;
Knys0;SAWS;Knys0/ SAWS;1987/11/01;16.95;;;;;;;
Knys0;SAWS;Knys0/ SAWS;1987/12/01;19.758;;;;;;;
Knys0;SAWS;Knys0/ SAWS;1988/01/01;21.717;;;;;;;
Knys0;SAWS;Knys0/ SAWS;1988/02/01;17.672;;;;;;;
Knys0;SAWS;Knys0/ SAWS;1988/03/01;15.274;;;;;;;
Knys0;SAWS;Knys0/ SAWS;1988/04/01;16.05;;;;;;;
Knys0;SAWS;Knys0/ SAWS;1988/05/01;16.677;;;;;;;
Knys0;SAWS;Knys0/ SAWS;1988/06/01;15.333;;;;;;;
Knys0;SAWS;Knys0/ SAWS;1988/07/01;15.226;;;;;;;
Knys0;SAWS;Knys0/ SAWS;1988/08/01;15.613;;;;;;;
Knys0;SAWS;Knys0/ SAWS;1988/09/01;15.232;;;;;;;
Knys0;SAWS;Knys0/ SAWS;1988/10/01;16.355;;;;;;;
Knys0;SAWS;Knys0/ SAWS;1988/11/01;15.55;;;;;;;
Knys0;SAWS;Knys0/ SAWS;1988/12/01;17.804;;;;;;;
Knys0;SAWS;Knys0/ SAWS;1989/01/01;17.429;;;;;;;
Knys0;SAWS;Knys0/ SAWS;1989/02/01;14.071;;;;;;;
Knys0;SAWS;Knys0/ SAWS;1989/03/01;17.71;;;;;;;
Knys0;SAWS;Knys0/ SAWS;1989/04/01;16.6;;;;;;;
Knys0;SAWS;Knys0/ SAWS;1989/05/01;15.177;;;;;;;
Knys0;SAWS;Knys0/ SAWS;1989/06/01;14.517;;;;;;;
Knys0;SAWS;Knys0/ SAWS;1989/07/01;13.296;;;;;;;
Knys0;SAWS;Knys0/ SAWS;1989/08/01;14.629;;;;;;;
Knys0;SAWS;Knys0/ SAWS;1989/09/01;16.138;;;;;;;
Knys0;SAWS;Knys0/ SAWS;1989/10/01;16.694;;;;;;;
Knys0;SAWS;Knys0/ SAWS;1989/11/01;18.017;;;;;;;
Knys0;SAWS;Knys0/ SAWS;1989/12/01;20.419;;;;;;;
Knys0;SAWS;Knys0/ SAWS;1990/01/01;21.42;;;;;;;
Knys0;SAWS;Knys0/ SAWS;1990/02/01;19.087;;;;;;;
Knys0;SAWS;Knys0/ SAWS;1990/03/01;14.792;;;;;;;
Knys0;SAWS;Knys0/ SAWS;1990/04/01;14.875;;;;;;;
Knys0;SAWS;Knys0/ SAWS;1990/05/01;16.483;;;;;;;
Knys0;SAWS;Knys0/ SAWS;1990/06/01;15.346;;;;;;;
Knys0;SAWS;Knys0/ SAWS;1990/07/01;15.365;;;;;;;
Knys0;SAWS;Knys0/ SAWS;1990/08/01;15.467;;;;;;;
Knys0;SAWS;Knys0/ SAWS;1990/09/01;16.033;;;;;;;
Knys0;SAWS;Knys0/ SAWS;1990/10/01;16.774;;;;;;;
Knys0;SAWS;Knys0/ SAWS;1990/11/01;17.6;;;;;;;
Knys0;SAWS;Knys0/ SAWS;1990/12/01;19.327;;;;;;;
Knys0;SAWS;Knys0/ SAWS;1991/01/01;20.462;;;;;;;
Knys0;SAWS;Knys0/ SAWS;1991/02/01;19.812;;;;;;;
Knys0;SAWS;Knys0/ SAWS;1991/03/01;18.904;;;;;;;
Knys0;SAWS;Knys0/ SAWS;1991/04/01;17.25;;;;;;;
Knys0;SAWS;Knys0/ SAWS;1991/05/01;16.684;;;;;;;
Knys0;SAWS;Knys0/ SAWS;1991/06/01;14.125;;;;;;;
Knys0;SAWS;Knys0/ SAWS;1991/07/01;14.05;;;;;;;
Knys0;SAWS;Knys0/ SAWS;1991/08/01;13.983;;;;;;;
Knys0;SAWS;Knys0/ SAWS;1991/09/01;15.768;;;;;;;
Knys0;SAWS;Knys0/ SAWS;1991/10/01;17.023;;;;;;;
Knys0;SAWS;Knys0/ SAWS;1991/11/01;18.875;;;;;;;
Knys0;SAWS;Knys0/ SAWS;1991/12/01;20.883;;;;;;;
Knys0;SAWS;Knys0/ SAWS;1992/01/01;21.732;;;;;;;
Knys0;SAWS;Knys0/ SAWS;1992/02/01;21.446;;;;;;;
Knys0;SAWS;Knys0/ SAWS;1992/03/01;20.16;;;;;;;
Knys0;SAWS;Knys0/ SAWS;1992/04/01;18.138;;;;;;;
Knys0;SAWS;Knys0/ SAWS;1992/05/01;16.24;;;;;;;
Knys0;SAWS;Knys0/ SAWS;1992/06/01;16.352;;;;;;;
Knys0;SAWS;Knys0/ SAWS;1992/07/01;15.607;;;;;;;
Knys0;SAWS;Knys0/ SAWS;1992/08/01;14.38;;;;;;;
Knys0;SAWS;Knys0/ SAWS;1992/09/01;15.65;;;;;;;
Knys0;SAWS;Knys0/ SAWS;1992/10/01;15.667;;;;;;;
Knys0;SAWS;Knys0/ SAWS;1992/11/01;18.023;;;;;;;
Knys0;SAWS;Knys0/ SAWS;1992/12/01;20.062;;;;;;;
Knys0;SAWS;Knys0/ SAWS;1993/01/01;21.81;;;;;;;
Knys0;SAWS;Knys0/ SAWS;1993/02/01;22.263;;;;;;;
Knys0;SAWS;Knys0/ SAWS;1993/03/01;20.806;;;;;;;
Knys0;SAWS;Knys0/ SAWS;1993/04/01;15.433;;;;;;;
Knys0;SAWS;Knys0/ SAWS;1993/05/01;16.6;;;;;;;
Knys0;SAWS;Knys0/ SAWS;1993/06/01;15.647;;;;;;;
Knys0;SAWS;Knys0/ SAWS;1993/07/01;15.357;;;;;;;
Knys0;SAWS;Knys0/ SAWS;1993/08/01;15.344;;;;;;;
Knys0;SAWS;Knys0/ SAWS;1993/09/01;16;;;;;;;
Knys0;SAWS;Knys0/ SAWS;1993/10/01;15;;;;;;;
Knys0;SAWS;Knys0/ SAWS;1993/11/01;16.944;;;;;;;
Knys0;SAWS;Knys0/ SAWS;1993/12/01;19.083;;;;;;;
Knys0;SAWS;Knys0/ SAWS;1994/01/01;17.667;;;;;;;
Knys0;SAWS;Knys0/ SAWS;1994/02/01;16.636;;;;;;;
Knys0;SAWS;Knys0/ SAWS;1994/03/01;15.267;;;;;;;
Knys0;SAWS;Knys0/ SAWS;1994/04/01;16.773;;;;;;;
Knys0;SAWS;Knys0/ SAWS;1994/05/01;16.179;;;;;;;
Knys0;SAWS;Knys0/ SAWS;1994/06/01;14.633;;;;;;;
Knys0;SAWS;Knys0/ SAWS;1994/07/01;15.104;;;;;;;
Knys0;SAWS;Knys0/ SAWS;1994/08/01;14.79;;;;;;;
Knys0;SAWS;Knys0/ SAWS;1994/09/01;15.533;;;;;;;
Knys0;SAWS;Knys0/ SAWS;1994/10/01;16.887;;;;;;;
Knys0;SAWS;Knys0/ SAWS;1994/11/01;20;;;;;;;
Knys0;SAWS;Knys0/ SAWS;1994/12/01;18.839;;;;;;;
Knys0;SAWS;Knys0/ SAWS;1995/01/01;19.367;;;;;;;
Knys0;SAWS;Knys0/ SAWS;1995/02/01;20.5;;;;;;;
Knys0;SAWS;Knys0/ SAWS;1995/03/01;15.783;;;;;;;
Knys0;SAWS;Knys0/ SAWS;1995/04/01;13.783;;;;;;;
Knys0;SAWS;Knys0/ SAWS;1995/05/01;14.726;;;;;;;
Knys0;SAWS;Knys0/ SAWS;1995/06/01;13.733;;;;;;;
Knys0;SAWS;Knys0/ SAWS;1995/07/01;13.29;;;;;;;
Knys0;SAWS;Knys0/ SAWS;1995/08/01;15.833;;;;;;;
Knys0;SAWS;Knys0/ SAWS;1995/09/01;15.95;;;;;;;
Knys0;SAWS;Knys0/ SAWS;1995/10/01;16.895;;;;;;;
Knys0;SAWS;Knys0/ SAWS;1995/11/01;18.312;;;;;;;
Knys0;SAWS;Knys0/ SAWS;1995/12/01;16.893;;;;;;;
Knys0;SAWS;Knys0/ SAWS;1996/01/01;19.661;;;;;;;
Knys0;SAWS;Knys0/ SAWS;1996/02/01;19;;;;;;;
Knys0;SAWS;Knys0/ SAWS;1996/03/01;16.29;;;;;;;
Knys0;SAWS;Knys0/ SAWS;1996/04/01;14.667;;;;;;;
Knys0;SAWS;Knys0/ SAWS;1996/05/01;15.411;;;;;;;
Knys0;SAWS;Knys0/ SAWS;1996/06/01;14.183;;;;;;;
Knys0;SAWS;Knys0/ SAWS;1996/07/01;13.482;;;;;;;
Knys0;SAWS;Knys0/ SAWS;1996/08/01;13.79;;;;;;;
Knys0;SAWS;Knys0/ SAWS;1996/09/01;15.583;;;;;;;
Knys0;SAWS;Knys0/ SAWS;1996/10/01;16.645;;;;;;;
Knys0;SAWS;Knys0/ SAWS;1996/11/01;16.327;;;;;;;
Knys0;SAWS;Knys0/ SAWS;1996/12/01;19.625;;;;;;;
Knys0;SAWS;Knys0/ SAWS;1997/01/01;21.321;;;;;;;
Knys0;SAWS;Knys0/ SAWS;1997/02/01;21.596;;;;;;;
Knys0;SAWS;Knys0/ SAWS;1997/03/01;18.793;;;;;;;
Knys0;SAWS;Knys0/ SAWS;1997/04/01;17.483;;;;;;;
Knys0;SAWS;Knys0/ SAWS;1997/05/01;16.607;;;;;;;
Knys0;SAWS;Knys0/ SAWS;1997/06/01;14.833;;;;;;;
Knys0;SAWS;Knys0/ SAWS;1997/07/01;14.355;;;;;;;
Knys0;SAWS;Knys0/ SAWS;1997/08/01;14.9;;;;;;;
Knys0;SAWS;Knys0/ SAWS;1997/09/01;13.905;;;;;;;
Knys0;SAWS;Knys0/ SAWS;1997/10/01;16.72;;;;;;;
Knys0;SAWS;Knys0/ SAWS;1997/11/01;18.036;;;;;;;
Knys0;SAWS;Knys0/ SAWS;1997/12/01;17.4;;;;;;;
Knys0;SAWS;Knys0/ SAWS;1998/01/01;18.667;;;;;;;
Knys0;SAWS;Knys0/ SAWS;1998/02/01;17.339;;;;;;;
Knys0;SAWS;Knys0/ SAWS;1998/03/01;19.532;;;;;;;
Knys0;SAWS;Knys0/ SAWS;1998/04/01;18;;;;;;;
Knys0;SAWS;Knys0/ SAWS;1998/05/01;0;;;;;;;
Knys0;SAWS;Knys0/ SAWS;1998/06/01;14.793;;;;;;;
Knys0;SAWS;Knys0/ SAWS;1998/07/01;0;;;;;;;
Knys0;SAWS;Knys0/ SAWS;1998/08/01;0;;;;;;;
Knys0;SAWS;Knys0/ SAWS;1998/09/01;0;;;;;;;
Knys0;SAWS;Knys0/ SAWS;1998/10/01;0;;;;;;;
Knys0;SAWS;Knys0/ SAWS;1998/11/01;0;;;;;;;
Knys0;SAWS;Knys0/ SAWS;1998/12/01;0;;;;;;;
Knys0;SAWS;Knys0/ SAWS;1999/01/01;20.033;;;;;;;
Knys0;SAWS;Knys0/ SAWS;1999/02/01;16.926;;;;;;;
Knys0;SAWS;Knys0/ SAWS;1999/03/01;17.774;;;;;;;
Knys0;SAWS;Knys0/ SAWS;1999/04/01;13.296;;;;;;;
Knys0;SAWS;Knys0/ SAWS;1999/05/01;18.161;;;;;;;
Knys0;SAWS;Knys0/ SAWS;1999/06/01;18;;;;;;;
Knys0;SAWS;Knys0/ SAWS;1999/07/01;15.433;;;;;;;
Knys0;SAWS;Knys0/ SAWS;1999/08/01;15.968;;;;;;;
Knys0;SAWS;Knys0/ SAWS;1999/09/01;17.357;;;;;;;
Knys0;SAWS;Knys0/ SAWS;1999/10/01;16.484;;;;;;;
Knys0;SAWS;Knys0/ SAWS;1999/11/01;17.6;;;;;;;
Knys0;SAWS;Knys0/ SAWS;1999/12/01;16.792;;;;;;;
Knys0;SAWS;Knys0/ SAWS;2000/01/01;14.935;;;;;;;
Knys0;SAWS;Knys0/ SAWS;2000/02/01;18.176;;;;;;;
Knys0;SAWS;Knys0/ SAWS;2000/03/01;0;;;;;;;
Knys0;SAWS;Knys0/ SAWS;2000/04/01;16.412;;;;;;;
Knys0;SAWS;Knys0/ SAWS;2000/05/01;13.804;;;;;;;
Knys0;SAWS;Knys0/ SAWS;2000/06/01;13.283;;;;;;;
Knys0;SAWS;Knys0/ SAWS;2000/07/01;13.758;;;;;;;
Knys0;SAWS;Knys0/ SAWS;2000/08/01;15.419;;;;;;;
Knys0;SAWS;Knys0/ SAWS;2000/09/01;16.4;;;;;;;
Knys0;SAWS;Knys0/ SAWS;2000/10/01;18.226;;;;;;;
Knys0;SAWS;Knys0/ SAWS;2000/11/01;19.933;;;;;;;
Knys0;SAWS;Knys0/ SAWS;2000/12/01;21.065;;;;;;;
Knys0;SAWS;Knys0/ SAWS;2001/01/01;21.484;;;;;;;
Knys0;SAWS;Knys0/ SAWS;2001/02/01;19.982;;;;;;;
Knys0;SAWS;Knys0/ SAWS;2001/03/01;18.613;;;;;;;
Knys0;SAWS;Knys0/ SAWS;2001/04/01;16.45;;;;;;;
Knys0;SAWS;Knys0/ SAWS;2001/05/01;15.968;;;;;;;
Knys0;SAWS;Knys0/ SAWS;2001/06/01;15.8;;;;;;;
Knys0;SAWS;Knys0/ SAWS;2001/07/01;13.952;;;;;;;
Knys0;SAWS;Knys0/ SAWS;2001/08/01;15.29;;;;;;;
Knys0;SAWS;Knys0/ SAWS;2001/09/01;16.833;;;;;;;
Knys0;SAWS;Knys0/ SAWS;2001/10/01;18.887;;;;;;;
Knys0;SAWS;Knys0/ SAWS;2001/11/01;18.65;;;;;;;
Knys0;SAWS;Knys0/ SAWS;2001/12/01;0;;;;;;;
Knys0;SAWS;Knys0/ SAWS;2002/01/01;22.613;;;;;;;
Knys0;SAWS;Knys0/ SAWS;2002/02/01;19.714;;;;;;;
Knys0;SAWS;Knys0/ SAWS;2002/03/01;19.968;;;;;;;
Knys0;SAWS;Knys0/ SAWS;2002/04/01;18.133;;;;;;;
Knys0;SAWS;Knys0/ SAWS;2002/05/01;16.467;;;;;;;
Knys0;SAWS;Knys0/ SAWS;2002/06/01;14.55;;;;;;;
Knys0;SAWS;Knys0/ SAWS;2002/07/01;14.952;;;;;;;
Knys0;SAWS;Knys0/ SAWS;2002/08/01;15.871;;;;;;;
Knys0;SAWS;Knys0/ SAWS;2002/09/01;16.8;;;;;;;
Knys0;SAWS;Knys0/ SAWS;2002/10/01;16.726;;;;;;;
Knys0;SAWS;Knys0/ SAWS;2002/11/01;18.45;;;;;;;
Knys0;SAWS;Knys0/ SAWS;2002/12/01;21.823;;;;;;;
Knys0;SAWS;Knys0/ SAWS;2003/01/01;22.871;;;;;;;
Knys0;SAWS;Knys0/ SAWS;2003/02/01;24.732;;;;;;;
Knys0;SAWS;Knys0/ SAWS;2003/03/01;22.242;;;;;;;
Knys0;SAWS;Knys0/ SAWS;2003/04/01;18.067;;;;;;;
Knys0;SAWS;Knys0/ SAWS;2003/05/01;17;;;;;;;
Knys0;SAWS;Knys0/ SAWS;2003/06/01;14.667;;;;;;;
Knys0;SAWS;Knys0/ SAWS;2003/07/01;14.29;;;;;;;
Knys0;SAWS;Knys0/ SAWS;2003/08/01;14.403;;;;;;;
Knys0;SAWS;Knys0/ SAWS;2003/09/01;15.6;;;;;;;
Knys0;SAWS;Knys0/ SAWS;2003/10/01;17.403;;;;;;;
Knys0;SAWS;Knys0/ SAWS;2003/11/01;19.85;;;;;;;
Knys0;SAWS;Knys0/ SAWS;2003/12/01;21.516;;;;;;;
Knys0;SAWS;Knys0/ SAWS;2004/01/01;23.355;;;;;;;
Knys0;SAWS;Knys0/ SAWS;2004/02/01;24.052;;;;;;;
Knys0;SAWS;Knys0/ SAWS;2004/03/01;21.419;;;;;;;
Knys0;SAWS;Knys0/ SAWS;2004/04/01;18.05;;;;;;;
Knys0;SAWS;Knys0/ SAWS;2004/05/01;16.677;;;;;;;
Knys0;SAWS;Knys0/ SAWS;2004/06/01;14.917;;;;;;;
Knys0;SAWS;Knys0/ SAWS;2004/07/01;14.177;;;;;;;
Knys0;SAWS;Knys0/ SAWS;2004/08/01;15.629;;;;;;;
Knys0;SAWS;Knys0/ SAWS;2004/09/01;16.717;;;;;;;
Knys0;SAWS;Knys0/ SAWS;2004/10/01;18.016;;;;;;;
Knys0;SAWS;Knys0/ SAWS;2004/11/01;21.117;;;;;;;
Knys0;SAWS;Knys0/ SAWS;2004/12/01;23.516;;;;;;;
Knys0;SAWS;Knys0/ SAWS;2005/01/01;21.4;;;;;;;
Knys0;SAWS;Knys0/ SAWS;2005/02/01;21.375;;;;;;;
Knys0;SAWS;Knys0/ SAWS;2005/03/01;20.871;;;;;;;
Knys0;SAWS;Knys0/ SAWS;2005/04/01;18.821;;;;;;;
Knys0;SAWS;Knys0/ SAWS;2005/05/01;16.175;;;;;;;
Knys0;SAWS;Knys0/ SAWS;2005/06/01;15.638;;;;;;;
Knys0;SAWS;Knys0/ SAWS;2005/07/01;15.387;;;;;;;
Knys0;SAWS;Knys0/ SAWS;2005/08/01;16.532;;;;;;;
Knys0;SAWS;Knys0/ SAWS;2005/09/01;17.017;;;;;;;
Knys0;SAWS;Knys0/ SAWS;2005/10/01;17.081;;;;;;;
Knys0;SAWS;Knys0/ SAWS;2005/11/01;19.2;;;;;;;
Knys0;SAWS;Knys0/ SAWS;2005/12/01;21.21;;;;;;;
Knys0;SAWS;Knys0/ SAWS;2006/01/01;17.839;;;;;;;
Knys0;SAWS;Knys0/ SAWS;2006/02/01;20.839;;;;;;;
Knys0;SAWS;Knys0/ SAWS;2006/03/01;20.597;;;;;;;
Knys0;SAWS;Knys0/ SAWS;2006/04/01;20.267;;;;;;;
Knys0;SAWS;Knys0/ SAWS;2006/05/01;16.081;;;;;;;
Knys0;SAWS;Knys0/ SAWS;2006/06/01;15.217;;;;;;;
Knys0;SAWS;Knys0/ SAWS;2006/07/01;13.871;;;;;;;
Knys0;SAWS;Knys0/ SAWS;2006/08/01;14.516;;;;;;;
Knys0;SAWS;Knys0/ SAWS;2006/09/01;15.7;;;;;;;
Knys0;SAWS;Knys0/ SAWS;2006/10/01;17.097;;;;;;;
Knys0;SAWS;Knys0/ SAWS;2006/11/01;18;;;;;;;
Knys0;SAWS;Knys0/ SAWS;2006/12/01;20.136;;;;;;;
Knys0;SAWS;Knys0/ SAWS;2007/01/01;22.312;;;;;;;
Knys0;SAWS;Knys0/ SAWS;2007/02/01;21.636;;;;;;;
Knys0;SAWS;Knys0/ SAWS;2007/03/01;0;;;;;;;
Knys0;SAWS;Knys0/ SAWS;2007/04/01;15.694;;;;;;;
Knys0;SAWS;Knys0/ SAWS;2007/05/01;16.159;;;;;;;
Knys0;SAWS;Knys0/ SAWS;2007/06/01;16.042;;;;;;;
Knys0;SAWS;Knys0/ SAWS;2007/07/01;14.75;;;;;;;
Knys0;SAWS;Knys0/ SAWS;2007/08/01;14.875;;;;;;;
Knys0;SAWS;Knys0/ SAWS;2007/09/01;15.6;;;;;;;
Knys0;SAWS;Knys0/ SAWS;2007/10/01;0;;;;;;;
Knys0;SAWS;Knys0/ SAWS;2007/11/01;15.661;;;;;;;
Knys0;SAWS;Knys0/ SAWS;2007/12/01;16.2;;;;;;;
Knys0;SAWS;Knys0/ SAWS;2008/01/01;15.919;;;;;;;
Knys0;SAWS;Knys0/ SAWS;2008/02/01;15.95;;;;;;;
Knys0;SAWS;Knys0/ SAWS;2008/03/01;15.75;;;;;;;
Knys0;SAWS;Knys0/ SAWS;2008/04/01;14.767;;;;;;;
Knys0;SAWS;Knys0/ SAWS;2008/05/01;0;;;;;;;
Knys0;SAWS;Knys0/ SAWS;2008/06/01;14.423;;;;;;;
Knys0;SAWS;Knys0/ SAWS;2008/07/01;0;;;;;;;
Knys0;SAWS;Knys0/ SAWS;2008/08/01;14.286;;;;;;;
Knys0;SAWS;Knys0/ SAWS;2008/09/01;14.958;;;;;;;
Knys0;SAWS;Knys0/ SAWS;2008/10/01;15.895;;;;;;;
Knys0;SAWS;Knys0/ SAWS;2008/11/01;15.861;;;;;;;
Knys0;SAWS;Knys0/ SAWS;2008/12/01;0;;;;;;;
Knys0;SAWS;Knys0/ SAWS;2009/01/01;15.952;;;;;;;
Knys0;SAWS;Knys0/ SAWS;2009/02/01;16.4;;;;;;;
Knys0;SAWS;Knys0/ SAWS;2009/03/01;0;;;;;;;
Knys0;SAWS;Knys0/ SAWS;2009/04/01;0;;;;;;;
Knys0;SAWS;Knys0/ SAWS;2009/05/01;0;;;;;;;
Knys0;SAWS;Knys0/ SAWS;2009/06/01;15.083;;;;;;;
Knys0;SAWS;Knys0/ SAWS;2009/07/01;14.177;;;;;;;
Knys0;SAWS;Knys0/ SAWS;2009/08/01;14.673;;;;;;;
Knys0;SAWS;Knys0/ SAWS;2009/09/01;15.35;;;;;;;
Knys0;SAWS;Knys0/ SAWS;2009/10/01;15.645;;;;;;;
Knys0;SAWS;Knys0/ SAWS;2009/11/01;17.25;;;;;;;
Knys0;SAWS;Knys0/ SAWS;2009/12/01;16.217;;;;;;;
Knys0;SAWS;Knys0/ SAWS;2010/01/01;21.017;;;;;;;
Knys0;SAWS;Knys0/ SAWS;2010/02/01;20.74;;;;;;;
Knys0;SAWS;Knys0/ SAWS;2010/03/01;17.161;;;;;;;
Knys0;SAWS;Knys0/ SAWS;2010/04/01;18.589;;;;;;;
Knys0;SAWS;Knys0/ SAWS;2010/05/01;15.667;;;;;;;
Knys0;SAWS;Knys0/ SAWS;2010/06/01;15.933;;;;;;;
Knys0;SAWS;Knys0/ SAWS;2010/07/01;15.597;;;;;;;
Knys0;SAWS;Knys0/ SAWS;2010/08/01;15.339;;;;;;;
Knys0;SAWS;Knys0/ SAWS;2010/09/01;16.328;;;;;;;
Knys0;SAWS;Knys0/ SAWS;2010/10/01;16.983;;;;;;;
Knys0;SAWS;Knys0/ SAWS;2010/11/01;18.5;;;;;;;
Knys0;SAWS;Knys0/ SAWS;2010/12/01;18.575;;;;;;;
Knys0;SAWS;Knys0/ SAWS;2011/01/01;17.7;;;;;;;
Knys0;SAWS;Knys0/ SAWS;2011/02/01;18.426;;;;;;;
Knys0;SAWS;Knys0/ SAWS;2011/03/01;19.597;;;;;;;
Knys0;SAWS;Knys0/ SAWS;2011/04/01;18.125;;;;;;;
Knys0;SAWS;Knys0/ SAWS;2011/05/01;0;;;;;;;
Knys0;SAWS;Knys0/ SAWS;2011/06/01;0;;;;;;;
Knys0;SAWS;Knys0/ SAWS;2011/07/01;15.463;;;;;;;
Knys0;SAWS;Knys0/ SAWS;2011/08/01;13.6;;;;;;;
Knys0;SAWS;Knys0/ SAWS;2011/09/01;15.733;;;;;;;
Knys0;SAWS;Knys0/ SAWS;2011/10/01;19.871;;;;;;;
Knys0;SAWS;Knys0/ SAWS;2011/11/01;21.672;;;;;;;
Knys0;SAWS;Knys0/ SAWS;2011/12/01;20;;;;;;;
Knys0;SAWS;Knys0/ SAWS;2012/01/01;22.632;;;;;;;
Knys0;SAWS;Knys0/ SAWS;2012/02/01;20.983;;;;;;;
Knys0;SAWS;Knys0/ SAWS;2012/03/01;21.161;;;;;;;
Knys0;SAWS;Knys0/ SAWS;2012/04/01;19.6;;;;;;;
Knys0;SAWS;Knys0/ SAWS;2012/05/01;0;;;;;;;
Knys0;SAWS;Knys0/ SAWS;2012/06/01;15.365;;;;;;;
Knys0;SAWS;Knys0/ SAWS;2012/07/01;14.984;;;;;;;
Knys0;SAWS;Knys0/ SAWS;2012/08/01;15;;;;;;;
Knys0;SAWS;Knys0/ SAWS;2012/09/01;17.133;;;;;;;
Knys0;SAWS;Knys0/ SAWS;2012/10/01;18.2;;;;;;;
Knys0;SAWS;Knys0/ SAWS;2012/11/01;19.85;;;;;;;
Knys0;SAWS;Knys0/ SAWS;2012/12/01;20.075;;;;;;;
Knys0;SAWS;Knys0/ SAWS;2013/01/01;21.981;;;;;;;
Knys0;SAWS;Knys0/ SAWS;2013/02/01;21.696;;;;;;;
Knys0;SAWS;Knys0/ SAWS;2013/03/01;20.161;;;;;;;
Knys0;SAWS;Knys0/ SAWS;2013/04/01;16.233;;;;;;;
Knys0;SAWS;Knys0/ SAWS;2013/05/01;17.25;;;;;;;
Knys0;SAWS;Knys0/ SAWS;2013/06/01;14.607;;;;;;;
Knys0;SAWS;Knys0/ SAWS;2013/07/01;15.161;;;;;;;
Knys0;SAWS;Knys0/ SAWS;2013/08/01;15.097;;;;;;;
Knys0;SAWS;Knys0/ SAWS;2013/09/01;16.183;;;;;;;
Knys0;SAWS;Knys0/ SAWS;2013/10/01;19.387;;;;;;;
Knys0;SAWS;Knys0/ SAWS;2013/11/01;21.467;;;;;;;
Knys0;SAWS;Knys0/ SAWS;2013/12/01;22.016;;;;;;;
Knys0;SAWS;Knys0/ SAWS;2014/01/01;22.923;;;;;;;
Knys0;SAWS;Knys0/ SAWS;2014/02/01;21.839;;;;;;;
Knys0;SAWS;Knys0/ SAWS;2014/03/01;19.2;;;;;;;
Knys0;SAWS;Knys0/ SAWS;2014/04/01;17.4;;;;;;;
Knys0;SAWS;Knys0/ SAWS;2014/05/01;0;;;;;;;
Knys0;SAWS;Knys0/ SAWS;2014/06/01;14.196;;;;;;;
Knys0;SAWS;Knys0/ SAWS;2014/07/01;12.887;;;;;;;
Knys0;SAWS;Knys0/ SAWS;2014/08/01;15.06;;;;;;;
Knys0;SAWS;Knys0/ SAWS;2014/09/01;17.25;;;;;;;
Knys0;SAWS;Knys0/ SAWS;2014/10/01;17.883;;;;;;;
Knys0;SAWS;Knys0/ SAWS;2014/11/01;18.467;;;;;;;
Knys0;SAWS;Knys0/ SAWS;2014/12/01;19.839;;;;;;;
Knys0;SAWS;Knys0/ SAWS;2015/01/01;22.138;;;;;;;
Knys0;SAWS;Knys0/ SAWS;2015/02/01;20.385;;;;;;;
Knys0;SAWS;Knys0/ SAWS;2015/03/01;16.839;;;;;;;
Knys0;SAWS;Knys0/ SAWS;2015/04/01;13.62;;;;;;;
Knys0;SAWS;Knys0/ SAWS;2015/05/01;0;;;;;;;
Knys0;SAWS;Knys0/ SAWS;2015/06/01;14.917;;;;;;;
Knys0;SAWS;Knys0/ SAWS;2015/07/01;14.983;;;;;;;
Knys0;SAWS;Knys0/ SAWS;2015/08/01;15.5;;;;;;;
Knys0;SAWS;Knys0/ SAWS;2015/09/01;15.767;;;;;;;
Knys0;SAWS;Knys0/ SAWS;2015/10/01;18.397;;;;;;;
Knys0;SAWS;Knys0/ SAWS;2015/11/01;20.879;;;;;;;
Knys0;SAWS;Knys0/ SAWS;2015/12/01;23.259;;;;;;;
Knys0;SAWS;Knys0/ SAWS;2016/01/01;18.767;;;;;;;
Knys0;SAWS;Knys0/ SAWS;2016/02/01;18.889;;;;;;;
Knys0;SAWS;Knys0/ SAWS;2016/03/01;19.661;;;;;;;
Knys0;SAWS;Knys0/ SAWS;2016/04/01;19.13;;;;;;;
Knys0;SAWS;Knys0/ SAWS;2016/05/01;15;;;;;;;
Knys0;SAWS;Knys0/ SAWS;2016/06/01;16.045;;;;;;;
